<?xml version="1.0" encoding="UTF-8"?>
<assessmentItems>
  <assessmentItem xmlns="http://www.imsglobal.org/xsd/imsqti_v2p1" xsi:schemaLocation="http://www.imsglobal.org/xsd/imsqti_v2p1 http://www.imsglobal.org/xsd/qti/qtiv2p1/imsqti_v2p1.xsd" xmlns:xsi="http://www.w3.org/2001/XMLSchema-instance" identifier="EFCC5080-4074-E594-2AA8-95F2AA0F4568" title="Default Title" adaptive="false" timeDependent="false">
    <itemBody>
      <choiceInteraction responseIdentifier="RESPONSE_EFCC5080-4074-E594-2AA8-95F2AA0F4568" shuffle="true" maxChoices="1">
        <prompt>1是奇2是偶，這個説法正確嗎？</prompt>
        <simpleChoice identifier="OPTION_1">正確</simpleChoice>
        <simpleChoice identifier="OPTION_2">錯誤</simpleChoice>
      </choiceInteraction>
    </itemBody>
    <responseDeclaration identifier="RESPONSE_EFCC5080-4074-E594-2AA8-95F2AA0F4568" cardinality="single" baseType="identifier">
      <correctResponse>
        <value>OPTION_1</value>
      </correctResponse>
    </responseDeclaration>
  </assessmentItem>
  <assessmentItem xmlns="http://www.imsglobal.org/xsd/imsqti_v2p1" xsi:schemaLocation="http://www.imsglobal.org/xsd/imsqti_v2p1 http://www.imsglobal.org/xsd/qti/qtiv2p1/imsqti_v2p1.xsd" xmlns:xsi="http://www.w3.org/2001/XMLSchema-instance" identifier="57D854CA-9FA1-D6CE-1170-EB106CC93138" title="Default Title" adaptive="false" timeDependent="false">
    <itemBody>
      <textEntryInteraction responseIdentifier="RESPONSE_57D854CA-9FA1-D6CE-1170-EB106CC93138" expectedLength="200">
        <prompt>三人行，必有我[師]。</prompt>
      </textEntryInteraction>
    </itemBody>
    <responseDeclaration identifier="RESPONSE_57D854CA-9FA1-D6CE-1170-EB106CC93138" cardinality="single" baseType="string">
      <correctResponse>
        <value>師</value>
      </correctResponse>
    </responseDeclaration>
  </assessmentItem>
  <assessmentItem xmlns="http://www.imsglobal.org/xsd/imsqti_v2p1" xsi:schemaLocation="http://www.imsglobal.org/xsd/imsqti_v2p1 http://www.imsglobal.org/xsd/qti/qtiv2p1/imsqti_v2p1.xsd" xmlns:xsi="http://www.w3.org/2001/XMLSchema-instance" identifier="19DB2F01-4D62-A594-7FB8-6CEE0CAA17F7" title="Default Title" adaptive="false" timeDependent="false">
    <itemBody>
      <extendedTextInteraction responseIdentifier="RESPONSE_19DB2F01-4D62-A594-7FB8-6CEE0CAA17F7" expectedLength="200">
        <prompt>常曰“一日三餐”，那麽第二餐通常在什麽時間吃？</prompt>
      </extendedTextInteraction>
    </itemBody>
    <responseDeclaration identifier="RESPONSE_19DB2F01-4D62-A594-7FB8-6CEE0CAA17F7" cardinality="single" baseType="string">
      <correctResponse>
        <value>中午時分，大概11點到下午一點</value>
      </correctResponse>
    </responseDeclaration>
  </assessmentItem>
</assessmentItems>