<?xml version="1.0" encoding="UTF-8"?>
<manifest xmlns="http://www.imsglobal.org/xsd/imscp_v1p1" xmlns:imsmd="http://www.imsglobal.org/xsd/imsmd_v1p2" xmlns:imsqti="http://www.imsglobal.org/xsd/imsqti_v2p1" xmlns:xsi="http://www.w3.org/2001/XMLSchema-instance" identifier="MANIFEST-QTI-6150b9e0-5177-4b5f-bdc6-f29ae078e7d7" xsi:schemaLocation="http://www.imsglobal.org/xsd/imscp_v1p1 imscp_v1p1.xsd http://www.imsglobal.org/xsd/imsmd_v1p2 imsmd_v1p2p2.xsd http://www.imsglobal.org/xsd/imsqti_v2p1 imsqti_v2p1.xsd">
  <organizations/>
  <resources>
    <resource identifier="qti_item_1_df2d34dc-1ef2-47e8-bf5f-eea8da23933f" type="imsqti_item_xmlv2p1" href="assessment_item_003.xml">
      <metadata>
        <schema>IMS QTI Item</schema>
        <schemaversion>2.1</schemaversion>
        <imsmd:lom>
          <imsmd:general>
            <imsmd:identifier>qti_v2_item_1</imsmd:identifier>
            <imsmd:title>
              <imsmd:langstring xml:lang="en">這是示例題目</imsmd:langstring>
            </imsmd:title>
            <imsmd:description>
              <imsmd:langstring xml:lang="en">這是一個示例題目的説明</imsmd:langstring>
            </imsmd:description>
          </imsmd:general>
        </imsmd:lom>
      </metadata>
      <file href="assessment_item_003.xml"/>
    </resource>
    <resource identifier="qti_item_2_07a4feee-9d2b-4121-bd9d-cfe243f547f3" type="imsqti_item_xmlv2p1" href="assessment_item_001.xml">
      <metadata>
        <schema>IMS QTI Item</schema>
        <schemaversion>2.1</schemaversion>
        <imsmd:lom>
          <imsmd:general>
            <imsmd:identifier>qti_v2_item_2</imsmd:identifier>
            <imsmd:title>
              <imsmd:langstring xml:lang="en">這是示例題目</imsmd:langstring>
            </imsmd:title>
            <imsmd:description>
              <imsmd:langstring xml:lang="en">這是一個示例題目的説明</imsmd:langstring>
            </imsmd:description>
          </imsmd:general>
        </imsmd:lom>
      </metadata>
      <file href="assessment_item_001.xml"/>
    </resource>
    <resource identifier="qti_item_3_ccc4978c-75fa-46c4-b586-19f15297064c" type="imsqti_item_xmlv2p1" href="assessment_item_002.xml">
      <metadata>
        <schema>IMS QTI Item</schema>
        <schemaversion>2.1</schemaversion>
        <imsmd:lom>
          <imsmd:general>
            <imsmd:identifier>qti_v2_item_3</imsmd:identifier>
            <imsmd:title>
              <imsmd:langstring xml:lang="en">這是示例題目</imsmd:langstring>
            </imsmd:title>
            <imsmd:description>
              <imsmd:langstring xml:lang="en">這是一個示例題目的説明</imsmd:langstring>
            </imsmd:description>
          </imsmd:general>
        </imsmd:lom>
      </metadata>
      <file href="assessment_item_002.xml"/>
    </resource>
    <resource identifier="qti_item_4_243f532b-d9b4-45d5-8d41-54792af6a02d" type="imsqti_item_xmlv2p1" href="assessment_item_004.xml">
      <metadata>
        <schema>IMS QTI Item</schema>
        <schemaversion>2.1</schemaversion>
        <imsmd:lom>
          <imsmd:general>
            <imsmd:identifier>qti_v2_item_4</imsmd:identifier>
            <imsmd:title>
              <imsmd:langstring xml:lang="en">這是示例題目</imsmd:langstring>
            </imsmd:title>
            <imsmd:description>
              <imsmd:langstring xml:lang="en">這是一個示例題目的説明</imsmd:langstring>
            </imsmd:description>
          </imsmd:general>
        </imsmd:lom>
      </metadata>
      <file href="assessment_item_004.xml"/>
    </resource>
    <resource identifier="qti_item_5_b396d938-ba9c-4666-aa4f-01ca81d8b9c0" type="imsqti_item_xmlv2p1" href="assessment_item_007.xml">
      <metadata>
        <schema>IMS QTI Item</schema>
        <schemaversion>2.1</schemaversion>
        <imsmd:lom>
          <imsmd:general>
            <imsmd:identifier>qti_v2_item_5</imsmd:identifier>
            <imsmd:title>
              <imsmd:langstring xml:lang="en">這是示例題目</imsmd:langstring>
            </imsmd:title>
            <imsmd:description>
              <imsmd:langstring xml:lang="en">這是一個示例題目的説明</imsmd:langstring>
            </imsmd:description>
          </imsmd:general>
        </imsmd:lom>
      </metadata>
      <file href="assessment_item_007.xml"/>
    </resource>
    <resource identifier="qti_item_6_28a10166-42f4-4d06-96d3-60b6ac0e7b0a" type="imsqti_item_xmlv2p1" href="assessment_item_006.xml">
      <metadata>
        <schema>IMS QTI Item</schema>
        <schemaversion>2.1</schemaversion>
        <imsmd:lom>
          <imsmd:general>
            <imsmd:identifier>qti_v2_item_6</imsmd:identifier>
            <imsmd:title>
              <imsmd:langstring xml:lang="en">這是示例題目</imsmd:langstring>
            </imsmd:title>
            <imsmd:description>
              <imsmd:langstring xml:lang="en">這是一個示例題目的説明</imsmd:langstring>
            </imsmd:description>
          </imsmd:general>
        </imsmd:lom>
      </metadata>
      <file href="assessment_item_006.xml"/>
    </resource>
    <resource identifier="qti_item_7_70861b9c-b70c-4586-9470-11f03e520a4d" type="imsqti_item_xmlv2p1" href="assessment_item_005.xml">
      <metadata>
        <schema>IMS QTI Item</schema>
        <schemaversion>2.1</schemaversion>
        <imsmd:lom>
          <imsmd:general>
            <imsmd:identifier>qti_v2_item_7</imsmd:identifier>
            <imsmd:title>
              <imsmd:langstring xml:lang="en">這是示例題目</imsmd:langstring>
            </imsmd:title>
            <imsmd:description>
              <imsmd:langstring xml:lang="en">這是一個示例題目的説明</imsmd:langstring>
            </imsmd:description>
          </imsmd:general>
        </imsmd:lom>
      </metadata>
      <file href="assessment_item_005.xml"/>
    </resource>
    <resource identifier="qti_item_8_dda605ac-28c4-42a4-94bd-086e24e134bf" type="imsqti_item_xmlv2p1" href="assessment_item_009.xml">
      <metadata>
        <schema>IMS QTI Item</schema>
        <schemaversion>2.1</schemaversion>
        <imsmd:lom>
          <imsmd:general>
            <imsmd:identifier>qti_v2_item_8</imsmd:identifier>
            <imsmd:title>
              <imsmd:langstring xml:lang="en">這是示例題目</imsmd:langstring>
            </imsmd:title>
            <imsmd:description>
              <imsmd:langstring xml:lang="en">這是一個示例題目的説明</imsmd:langstring>
            </imsmd:description>
          </imsmd:general>
        </imsmd:lom>
      </metadata>
      <file href="assessment_item_009.xml"/>
    </resource>
    <resource identifier="qti_item_9_5c21f01e-77c7-41f9-bbe3-2c127fc68cca" type="imsqti_item_xmlv2p1" href="assessment_item_008.xml">
      <metadata>
        <schema>IMS QTI Item</schema>
        <schemaversion>2.1</schemaversion>
        <imsmd:lom>
          <imsmd:general>
            <imsmd:identifier>qti_v2_item_9</imsmd:identifier>
            <imsmd:title>
              <imsmd:langstring xml:lang="en">這是示例題目</imsmd:langstring>
            </imsmd:title>
            <imsmd:description>
              <imsmd:langstring xml:lang="en">這是一個示例題目的説明</imsmd:langstring>
            </imsmd:description>
          </imsmd:general>
        </imsmd:lom>
      </metadata>
      <file href="assessment_item_008.xml"/>
    </resource>
  </resources>
</manifest>