<?xml version="1.0" encoding="UTF-8"?>
<manifest xmlns="http://www.imsglobal.org/xsd/imscp_v1p1" xmlns:imsmd="http://www.imsglobal.org/xsd/imsmd_v1p2" xmlns:imsqti="http://www.imsglobal.org/xsd/imsqti_v2p1" xmlns:xsi="http://www.w3.org/2001/XMLSchema-instance" identifier="MANIFEST-QTI-03dd2236-c003-4d73-b80d-3355a90d7950" xsi:schemaLocation="http://www.imsglobal.org/xsd/imscp_v1p1 imscp_v1p1.xsd http://www.imsglobal.org/xsd/imsmd_v1p2 imsmd_v1p2p2.xsd http://www.imsglobal.org/xsd/imsqti_v2p1 imsqti_v2p1.xsd">
  <organizations/>
  <resources>
    <resource identifier="qti_item_486f4f3e-2607-40b7-a856-49b284991956" type="imsqti_item_xmlv2p1" href="assessment_item_002.xml">
      <metadata>
        <schema>IMS QTI Item</schema>
        <schemaversion>2.1</schemaversion>
        <imsmd:lom>
          <imsmd:general>
            <imsmd:identifier>qti_v2_item_1fe632ae-c831-423a-8f87-0d5c3c17e627</imsmd:identifier>
            <imsmd:title>
              <imsmd:langstring xml:lang="en">item_002</imsmd:langstring>
            </imsmd:title>
            <imsmd:description>
              <imsmd:langstring xml:lang="en">這是一個示例題目的説明</imsmd:langstring>
            </imsmd:description>
          </imsmd:general>
        </imsmd:lom>
      </metadata>
      <file href="assessment_item_002.xml"/>
    </resource>
    <resource identifier="qti_item_19c68955-68e6-4418-a567-a95f09334dd8" type="imsqti_item_xmlv2p1" href="assessment_item_003.xml">
      <metadata>
        <schema>IMS QTI Item</schema>
        <schemaversion>2.1</schemaversion>
        <imsmd:lom>
          <imsmd:general>
            <imsmd:identifier>qti_v2_item_f804f7e6-6e4a-4944-bd3d-2f510d8e71d3</imsmd:identifier>
            <imsmd:title>
              <imsmd:langstring xml:lang="en">item_003</imsmd:langstring>
            </imsmd:title>
            <imsmd:description>
              <imsmd:langstring xml:lang="en">這是一個示例題目的説明</imsmd:langstring>
            </imsmd:description>
          </imsmd:general>
        </imsmd:lom>
      </metadata>
      <file href="assessment_item_003.xml"/>
    </resource>
    <resource identifier="qti_item_bfc7359a-6661-472e-8797-b5a2111954ce" type="imsqti_item_xmlv2p1" href="assessment_item_007.xml">
      <metadata>
        <schema>IMS QTI Item</schema>
        <schemaversion>2.1</schemaversion>
        <imsmd:lom>
          <imsmd:general>
            <imsmd:identifier>qti_v2_item_e21ecc1f-5808-42f3-9fc3-1a049841831e</imsmd:identifier>
            <imsmd:title>
              <imsmd:langstring xml:lang="en">item_007</imsmd:langstring>
            </imsmd:title>
            <imsmd:description>
              <imsmd:langstring xml:lang="en">這是一個示例題目的説明</imsmd:langstring>
            </imsmd:description>
          </imsmd:general>
        </imsmd:lom>
      </metadata>
      <file href="assessment_item_007.xml"/>
    </resource>
    <resource identifier="qti_item_34e4f2d8-4a65-45eb-a59b-f5aacb476a7a" type="imsqti_item_xmlv2p1" href="assessment_item_005.xml">
      <metadata>
        <schema>IMS QTI Item</schema>
        <schemaversion>2.1</schemaversion>
        <imsmd:lom>
          <imsmd:general>
            <imsmd:identifier>qti_v2_item_78013a9d-f0fc-4ed6-8471-310ef1548c2b</imsmd:identifier>
            <imsmd:title>
              <imsmd:langstring xml:lang="en">item_005</imsmd:langstring>
            </imsmd:title>
            <imsmd:description>
              <imsmd:langstring xml:lang="en">這是一個示例題目的説明</imsmd:langstring>
            </imsmd:description>
          </imsmd:general>
        </imsmd:lom>
      </metadata>
      <file href="assessment_item_005.xml"/>
    </resource>
    <resource identifier="qti_item_63380c35-6830-4757-b4db-c8d13ddf1f1b" type="imsqti_item_xmlv2p1" href="assessment_item_006.xml">
      <metadata>
        <schema>IMS QTI Item</schema>
        <schemaversion>2.1</schemaversion>
        <imsmd:lom>
          <imsmd:general>
            <imsmd:identifier>qti_v2_item_add66748-636e-470c-92b4-038b9ec3d346</imsmd:identifier>
            <imsmd:title>
              <imsmd:langstring xml:lang="en">item_006</imsmd:langstring>
            </imsmd:title>
            <imsmd:description>
              <imsmd:langstring xml:lang="en">這是一個示例題目的説明</imsmd:langstring>
            </imsmd:description>
          </imsmd:general>
        </imsmd:lom>
      </metadata>
      <file href="assessment_item_006.xml"/>
    </resource>
    <resource identifier="qti_item_f4c0a185-08f6-4ada-8ba8-11ea18e4dd9e" type="imsqti_item_xmlv2p1" href="assessment_item_004.xml">
      <metadata>
        <schema>IMS QTI Item</schema>
        <schemaversion>2.1</schemaversion>
        <imsmd:lom>
          <imsmd:general>
            <imsmd:identifier>qti_v2_item_918d11ff-055e-4ae9-8aa4-3ceea5ef1f9a</imsmd:identifier>
            <imsmd:title>
              <imsmd:langstring xml:lang="en">item_004</imsmd:langstring>
            </imsmd:title>
            <imsmd:description>
              <imsmd:langstring xml:lang="en">這是一個示例題目的説明</imsmd:langstring>
            </imsmd:description>
          </imsmd:general>
        </imsmd:lom>
      </metadata>
      <file href="assessment_item_004.xml"/>
    </resource>
    <resource identifier="qti_item_bbf07f8a-06ab-4d03-bc62-d93b8dc583e2" type="imsqti_item_xmlv2p1" href="assessment_item_009.xml">
      <metadata>
        <schema>IMS QTI Item</schema>
        <schemaversion>2.1</schemaversion>
        <imsmd:lom>
          <imsmd:general>
            <imsmd:identifier>qti_v2_item_893cb35f-cae0-4fb6-9c8f-de41d450f14e</imsmd:identifier>
            <imsmd:title>
              <imsmd:langstring xml:lang="en">item_009</imsmd:langstring>
            </imsmd:title>
            <imsmd:description>
              <imsmd:langstring xml:lang="en">這是一個示例題目的説明</imsmd:langstring>
            </imsmd:description>
          </imsmd:general>
        </imsmd:lom>
      </metadata>
      <file href="assessment_item_009.xml"/>
      <file href="bird.jpg"/>
    </resource>
    <resource identifier="qti_item_79a79231-5342-4a66-91f1-543589fdd472" type="imsqti_item_xmlv2p1" href="assessment_item_001.xml">
      <metadata>
        <schema>IMS QTI Item</schema>
        <schemaversion>2.1</schemaversion>
        <imsmd:lom>
          <imsmd:general>
            <imsmd:identifier>qti_v2_item_db65293f-f1a4-473d-b208-89f47ecb0bfe</imsmd:identifier>
            <imsmd:title>
              <imsmd:langstring xml:lang="en">item_001</imsmd:langstring>
            </imsmd:title>
            <imsmd:description>
              <imsmd:langstring xml:lang="en">這是一個示例題目的説明</imsmd:langstring>
            </imsmd:description>
          </imsmd:general>
        </imsmd:lom>
      </metadata>
      <file href="assessment_item_001.xml"/>
      <file href="download.jpeg"/>
    </resource>
    <resource identifier="qti_item_7707b6b8-44b9-4e57-a77d-7c853af06ef1" type="imsqti_item_xmlv2p1" href="assessment_item_008.xml">
      <metadata>
        <schema>IMS QTI Item</schema>
        <schemaversion>2.1</schemaversion>
        <imsmd:lom>
          <imsmd:general>
            <imsmd:identifier>qti_v2_item_d798e81e-d476-4a3c-a52f-aa9ce85900e1</imsmd:identifier>
            <imsmd:title>
              <imsmd:langstring xml:lang="en">item_008</imsmd:langstring>
            </imsmd:title>
            <imsmd:description>
              <imsmd:langstring xml:lang="en">這是一個示例題目的説明</imsmd:langstring>
            </imsmd:description>
          </imsmd:general>
        </imsmd:lom>
      </metadata>
      <file href="assessment_item_008.xml"/>
      <file href="record.mp3"/>
    </resource>
  </resources>
</manifest>