<?xml version="1.0" encoding="UTF-8"?>
<assessmentItem xmlns="http://www.imsglobal.org/xsd/imsqti_v2p1" xsi:schemaLocation="http://www.imsglobal.org/xsd/imsqti_v2p1 http://www.imsglobal.org/xsd/qti/qtiv2p1/imsqti_v2p1.xsd" xmlns:xsi="http://www.w3.org/2001/XMLSchema-instance" identifier="19DB2F01-4D62-A594-7FB8-6CEE0CAA17F7" title="Default Title" adaptive="false" timeDependent="false">
  <itemBody>
    <extendedTextInteraction responseIdentifier="RESPONSE_19DB2F01-4D62-A594-7FB8-6CEE0CAA17F7" expectedLength="200">
      <prompt>常曰“一日三餐”，那麽第二餐通常在什麽時間吃？</prompt>
    </extendedTextInteraction>
  </itemBody>
  <responseDeclaration identifier="RESPONSE_19DB2F01-4D62-A594-7FB8-6CEE0CAA17F7" cardinality="single" baseType="string">
    <correctResponse>
      <value>中午時分，大概11點到下午一點</value>
    </correctResponse>
  </responseDeclaration>
</assessmentItem>