<?xml version="1.0" encoding="UTF-8"?>
<assessmentItem xmlns="http://www.imsglobal.org/xsd/imsqti_v2p1" xsi:schemaLocation="http://www.imsglobal.org/xsd/imsqti_v2p1 http://www.imsglobal.org/xsd/qti/qtiv2p1.xsd" xmlns:xsi="http://www.w3.org/2001/XMLSchema-instance" identifier="FA6BF837-59E6-2D2E-8FB4-B2648485902C" title="Default Title" adaptive="false" timeDependent="false" xml:lang="en">
  <responseDeclaration identifier="RESPONSE" cardinality="single" baseType="identifier">
    <correctResponse>
      <value/>
    </correctResponse>
  </responseDeclaration>
  <outcomeDeclaration identifier="SCORE" cardinality="single" baseType="float">
    <defaultValue>
      <value/>
    </defaultValue>
  </outcomeDeclaration>
  <itemBody>
    <div>
      <qh5:figure>
        <img src="images/bird.jpg" width="323.84" height="368"/>
      </qh5:figure>
    </div>
    <choiceInteraction responseIdentifier="RESPONSE_FA6BF837-59E6-2D2E-8FB4-B2648485902C" shuffle="false" maxChoices="1">
      <prompt>圖中的小鳥羽毛是什麽顏色的？</prompt>
      <simpleChoice identifier="OPTION_1">黑色</simpleChoice>
      <simpleChoice identifier="OPTION_2">黑白相間</simpleChoice>
      <simpleChoice identifier="OPTION_3">白色</simpleChoice>
    </choiceInteraction>
  </itemBody>
  <responseDeclaration identifier="RESPONSE_FA6BF837-59E6-2D2E-8FB4-B2648485902C" cardinality="single" baseType="identifier">
    <correctResponse>
      <value>OPTION_2</value>
    </correctResponse>
  </responseDeclaration>
</assessmentItem>