<?xml version="1.0" encoding="UTF-8"?>
<assessmentItem xmlns="http://www.imsglobal.org/xsd/imsqti_v2p1" xsi:schemaLocation="http://www.imsglobal.org/xsd/imsqti_v2p1 http://www.imsglobal.org/xsd/qti/qtiv2p1/imsqti_v2p1.xsd" xmlns:xsi="http://www.w3.org/2001/XMLSchema-instance" identifier="EFCC5080-4074-E594-2AA8-95F2AA0F4568" title="Default Title" adaptive="false" timeDependent="false">
  <itemBody>
    <choiceInteraction responseIdentifier="RESPONSE_EFCC5080-4074-E594-2AA8-95F2AA0F4568" shuffle="true" maxChoices="1">
      <prompt>1是奇2是偶，這個説法正確嗎？</prompt>
      <simpleChoice identifier="OPTION_1">正確</simpleChoice>
      <simpleChoice identifier="OPTION_2">錯誤</simpleChoice>
    </choiceInteraction>
  </itemBody>
  <responseDeclaration identifier="RESPONSE_EFCC5080-4074-E594-2AA8-95F2AA0F4568" cardinality="single" baseType="identifier">
    <correctResponse>
      <value>OPTION_1</value>
    </correctResponse>
  </responseDeclaration>
</assessmentItem>