<?xml version="1.0" encoding="UTF-8"?>
<assessmentItem xmlns="http://www.imsglobal.org/xsd/imsqti_v2p1" xsi:schemaLocation="http://www.imsglobal.org/xsd/imsqti_v2p1 http://www.imsglobal.org/xsd/qti/qtiv2p1.xsd" xmlns:xsi="http://www.w3.org/2001/XMLSchema-instance" identifier="B2B4E93F-8A2D-77EB-37E6-2DB70D058308" title="Default Title" adaptive="false" timeDependent="false" xml:lang="cn">
  <itemBody>
    <audio type="audio/mpeg" src="record.mp3">
      <param name="autoplay" value="false"/>
      <param name="controls" value="true"/>
    </audio>
    <extendedTextInteraction responseIdentifier="RESPONSE_B2B4E93F-8A2D-77EB-37E6-2DB70D058308" expectedLength="200">
      <prompt>請根據錄音，推測主角是否正在休息</prompt>
    </extendedTextInteraction>
  </itemBody>
  <responseDeclaration identifier="RESPONSE_B2B4E93F-8A2D-77EB-37E6-2DB70D058308" cardinality="single" baseType="string">
    <correctResponse>
      <value>1</value>
    </correctResponse>
  </responseDeclaration>
</assessmentItem>