<?xml version="1.0"?>
<assessmentItem identifier="default_id" title="Default Title" adaptive="false" timeDependent="false">
  <itemBody>
    <choiceInteraction responseIdentifier="RESPONSE_5AEAE9E4-560B-23B9-F2CF-792B5CF9BF5E" shuffle="true" maxChoices="1">
      <prompt>小明有幾多指手指</prompt>
      <simpleChoice identifier="OPTION_4">10</simpleChoice>
      <simpleChoice identifier="OPTION_5">11</simpleChoice>
      <simpleChoice identifier="OPTION_11">[object Object]</simpleChoice>
      <simpleChoice identifier="OPTION_12">[object Object]</simpleChoice>
      <simpleChoice identifier="OPTION_13">[object Object]</simpleChoice>
      <simpleChoice identifier="OPTION_14">[object Object]</simpleChoice>
    </choiceInteraction>
    <textEntryInteraction responseIdentifier="RESPONSE_5BFB32A7-BC5D-D53B-7549-857C4A8B68B4" shuffle="false" expectedLength="">
      <prompt>請輸入題目</prompt>
    </textEntryInteraction>
    <textEntryInteraction responseIdentifier="RESPONSE_3A5D4E24-6659-0D90-4D07-09EA5A6B1298" shuffle="false" expectedLength="">
      <prompt>請輸入題目</prompt>
    </textEntryInteraction>
    <textEntryInteraction responseIdentifier="RESPONSE_237BD38C-BABE-99D8-21F2-AE7242642EAE" shuffle="false" expectedLength="">
      <prompt>請輸入題目</prompt>
    </textEntryInteraction>
    <textEntryInteraction responseIdentifier="RESPONSE_E60BD5D6-6173-1F1F-ABD2-D5D7792FF8BB" shuffle="false" expectedLength="">
      <prompt>2024年8月13日是星期幾？</prompt>
    </textEntryInteraction>
    <textEntryInteraction responseIdentifier="RESPONSE_7B94B88A-5337-0C8F-57BB-290D7A9157C8" shuffle="false" expectedLength="">
      <prompt>請輸入題目</prompt>
    </textEntryInteraction>
    <textEntryInteraction responseIdentifier="RESPONSE_0A0C6F9E-2B87-2E39-9E26-889B717020B3" shuffle="false" expectedLength="">
      <prompt>hello pls answer</prompt>
    </textEntryInteraction>
    <textEntryInteraction responseIdentifier="RESPONSE_344F1D9B-61BC-C072-AF07-A57D6FE1D25B" shuffle="false" expectedLength="">
      <prompt>你好小朋友，請問1和2哪個數字比較大？</prompt>
    </textEntryInteraction>
    <textEntryInteraction responseIdentifier="RESPONSE_F81848B7-D3FD-5312-94CB-82614192409F" shuffle="false" expectedLength="">
      <prompt>HIIIIIIIII</prompt>
    </textEntryInteraction>
    <textEntryInteraction responseIdentifier="RESPONSE_7E2FE6FB-3CD6-DD15-3F0C-6243EF01397C" shuffle="false" expectedLength="">
      <prompt>Test Test</prompt>
    </textEntryInteraction>
    <textEntryInteraction responseIdentifier="RESPONSE_D2BD11D9-8288-0343-6647-A0C25A657DD0" shuffle="false" expectedLength="">
      <prompt>請輸入題目</prompt>
    </textEntryInteraction>
    <choiceInteraction responseIdentifier="RESPONSE_36D2A96C-EB77-FDCE-4687-224A37B43164" shuffle="true" maxChoices="1">
      <prompt>10+10等於多少</prompt>
      <simpleChoice identifier="OPTION_4">30</simpleChoice>
      <simpleChoice identifier="OPTION_5">20</simpleChoice>
      <simpleChoice identifier="OPTION_6">10</simpleChoice>
      <simpleChoice identifier="OPTION_11">[object Object]</simpleChoice>
      <simpleChoice identifier="OPTION_12">[object Object]</simpleChoice>
      <simpleChoice identifier="OPTION_13">[object Object]</simpleChoice>
      <simpleChoice identifier="OPTION_14">[object Object]</simpleChoice>
    </choiceInteraction>
  </itemBody>
  <responseDeclaration identifier="RESPONSE_5AEAE9E4-560B-23B9-F2CF-792B5CF9BF5E" cardinality="single" baseType="identifier">
    <correctResponse>
      <value>1</value>
    </correctResponse>
  </responseDeclaration>
  <responseDeclaration identifier="RESPONSE_5BFB32A7-BC5D-D53B-7549-857C4A8B68B4" cardinality="single" baseType="identifier">
    <correctResponse>
      <value>N/A</value>
    </correctResponse>
  </responseDeclaration>
  <responseDeclaration identifier="RESPONSE_3A5D4E24-6659-0D90-4D07-09EA5A6B1298" cardinality="single" baseType="identifier">
    <correctResponse>
      <value>N/A</value>
    </correctResponse>
  </responseDeclaration>
  <responseDeclaration identifier="RESPONSE_237BD38C-BABE-99D8-21F2-AE7242642EAE" cardinality="single" baseType="identifier">
    <correctResponse>
      <value>N/A</value>
    </correctResponse>
  </responseDeclaration>
  <responseDeclaration identifier="RESPONSE_E60BD5D6-6173-1F1F-ABD2-D5D7792FF8BB" cardinality="single" baseType="identifier">
    <correctResponse>
      <value>N/A</value>
    </correctResponse>
  </responseDeclaration>
  <responseDeclaration identifier="RESPONSE_7B94B88A-5337-0C8F-57BB-290D7A9157C8" cardinality="single" baseType="identifier">
    <correctResponse>
      <value>N/A</value>
    </correctResponse>
  </responseDeclaration>
  <responseDeclaration identifier="RESPONSE_0A0C6F9E-2B87-2E39-9E26-889B717020B3" cardinality="single" baseType="identifier">
    <correctResponse>
      <value>N/A</value>
    </correctResponse>
  </responseDeclaration>
  <responseDeclaration identifier="RESPONSE_344F1D9B-61BC-C072-AF07-A57D6FE1D25B" cardinality="single" baseType="identifier">
    <correctResponse>
      <value>1比較大,2比較大</value>
    </correctResponse>
  </responseDeclaration>
  <responseDeclaration identifier="RESPONSE_F81848B7-D3FD-5312-94CB-82614192409F" cardinality="single" baseType="identifier">
    <correctResponse>
      <value>N/A</value>
    </correctResponse>
  </responseDeclaration>
  <responseDeclaration identifier="RESPONSE_7E2FE6FB-3CD6-DD15-3F0C-6243EF01397C" cardinality="single" baseType="identifier">
    <correctResponse>
      <value>N/A</value>
    </correctResponse>
  </responseDeclaration>
  <responseDeclaration identifier="RESPONSE_D2BD11D9-8288-0343-6647-A0C25A657DD0" cardinality="single" baseType="identifier">
    <correctResponse>
      <value>N/A</value>
    </correctResponse>
  </responseDeclaration>
  <responseDeclaration identifier="RESPONSE_36D2A96C-EB77-FDCE-4687-224A37B43164" cardinality="single" baseType="identifier">
    <correctResponse>
      <value>2</value>
    </correctResponse>
  </responseDeclaration>
</assessmentItem>