<?xml version="1.0"?>
<assessmentItem xmlns="&quot;http://www.imsglobal.org/xsd/imsqti_v2p2" xsi="schemaLocation=&quot;http://www.imsglobal.org/xsd/imsqti_v2p2 http://www.imsglobal.org/xsd/qti/qtiv2p2/imsqti_v2p2p2.xsd" xmlns:xsi="http://www.w3.org/2001/XMLSchema-instance" identifier="default_id" title="Default Title" adaptive="false" timeDependent="false">
  <itemBody>
    <choiceInteraction responseIdentifier="RESPONSE_EFCC5080-4074-E594-2AA8-95F2AA0F4568" shuffle="true" maxChoices="1">
      <prompt>1是奇2是偶，這個説法正確嗎？</prompt>
      <simpleChoice identifier="OPTION_1">正確</simpleChoice>
      <simpleChoice identifier="OPTION_2">錯誤</simpleChoice>
      <simpleChoice identifier="OPTION_3">[object Object]</simpleChoice>
      <simpleChoice identifier="OPTION_4">[object Object]</simpleChoice>
      <simpleChoice identifier="OPTION_5">[object Object]</simpleChoice>
      <simpleChoice identifier="OPTION_6">[object Object]</simpleChoice>
    </choiceInteraction>
    <uploadInteraction responseIdentifier="RESPONSE_7F1D928C-A0E0-A981-7EF0-2C1F9103B157">
      <prompt>小英姓陳，那麽小英的爸爸也姓陳嗎？</prompt>
      <audio controls="">
        <source src="https://oka.blob.core.windows.net/media/resource/2024/08/22/time(144820)-school(272)-2024-08-22-144805-66c6df25-166c6df2599458-528fd7a6.mp3" type="audio/mpeg"/>
      </audio>
    </uploadInteraction>
    <textEntryInteraction responseIdentifier="RESPONSE_57D854CA-9FA1-D6CE-1170-EB106CC93138" expectedLength="200">
      <prompt>三人行，必有我[師]。</prompt>
    </textEntryInteraction>
    <extendedTextInteraction responseIdentifier="RESPONSE_19DB2F01-4D62-A594-7FB8-6CEE0CAA17F7" expectedLength="200">
      <prompt>常曰“一日三餐”，那麽第二餐通常在什麽時間吃？</prompt>
    </extendedTextInteraction>
  </itemBody>
  <responseDeclaration identifier="RESPONSE_EFCC5080-4074-E594-2AA8-95F2AA0F4568" cardinality="single" baseType="identifier">
    <correctResponse>
      <value>OPTION_1</value>
    </correctResponse>
  </responseDeclaration>
  <responseDeclaration identifier="RESPONSE_7F1D928C-A0E0-A981-7EF0-2C1F9103B157" cardinality="single" baseType="identifier">
    <correctResponse>
      <value>N/A</value>
    </correctResponse>
  </responseDeclaration>
  <responseDeclaration identifier="RESPONSE_57D854CA-9FA1-D6CE-1170-EB106CC93138" cardinality="single" baseType="identifier">
    <correctResponse>
      <value>object Object</value>
    </correctResponse>
  </responseDeclaration>
  <responseDeclaration identifier="RESPONSE_19DB2F01-4D62-A594-7FB8-6CEE0CAA17F7" cardinality="single" baseType="identifier">
    <correctResponse>
      <value>中午時分，大概11點到下午一點</value>
    </correctResponse>
  </responseDeclaration>
</assessmentItem>