<?xml version="1.0" encoding="UTF-8"?>
<assessmentItem xmlns="http://www.imsglobal.org/xsd/imsqti_v2p1" xsi:schemaLocation="http://www.imsglobal.org/xsd/imsqti_v2p1 http://www.imsglobal.org/xsd/qti/qtiv2p1.xsd" xmlns:xsi="http://www.w3.org/2001/XMLSchema-instance" identifier="bed02be7d3030ad14f6d612a5b03251d" title="Default Title" adaptive="false" timeDependent="false" xml:lang="en">
  <responseDeclaration identifier="RESPONSE" cardinality="single" baseType="identifier">
    <correctResponse>
      <value/>
    </correctResponse>
  </responseDeclaration>
  <outcomeDeclaration identifier="SCORE" cardinality="single" baseType="float">
    <defaultValue>
      <value/>
    </defaultValue>
  </outcomeDeclaration>
  <itemBody>
    <div>
      <qh5:figure/>
    </div>
    <choiceInteraction responseIdentifier="RESPONSE_bed02be7d3030ad14f6d612a5b03251d" shuffle="false" maxChoices="1">
      <prompt>國慶節那天,爸爸帶我去欣賞煙火。</prompt>
      <simpleChoice identifier="1">正確</simpleChoice>
      <simpleChoice identifier="0">錯誤</simpleChoice>
    </choiceInteraction>
  </itemBody>
  <responseDeclaration identifier="RESPONSE_bed02be7d3030ad14f6d612a5b03251d" cardinality="single" baseType="boolean">
    <correctResponse>
      <value>1</value>
    </correctResponse>
  </responseDeclaration>
</assessmentItem>