<?xml version="1.0" encoding="UTF-8"?>
<manifest xmlns="http://www.imsglobal.org/xsd/imscp_v1p1" xmlns:imsmd="http://www.imsglobal.org/xsd/imsmd_v1p2" xmlns:imsqti="http://www.imsglobal.org/xsd/imsqti_v2p1" xmlns:xsi="http://www.w3.org/2001/XMLSchema-instance" identifier="MANIFEST-QTI-f2e10a8f-adc0-4044-a96f-f29e32787c13" xsi:schemaLocation="http://www.imsglobal.org/xsd/imscp_v1p1 imscp_v1p1.xsd http://www.imsglobal.org/xsd/imsmd_v1p2 imsmd_v1p2p2.xsd http://www.imsglobal.org/xsd/imsqti_v2p1 imsqti_v2p1.xsd">
  <organizations/>
  <resources>
    <resource identifier="qti_item_1_417d52c3-6595-4157-a099-5fc48df574c4" type="imsqti_item_xmlv2p1" href="assessment_item_002.xml">
      <metadata>
        <schema>IMS QTI Item</schema>
        <schemaversion>2.1</schemaversion>
        <imsmd:lom>
          <imsmd:general>
            <imsmd:identifier>qti_v2_item_1</imsmd:identifier>
            <imsmd:title>
              <imsmd:langstring xml:lang="en">這是示例題目 #1</imsmd:langstring>
            </imsmd:title>
            <imsmd:description>
              <imsmd:langstring xml:lang="en">這是一個示例題目的説明</imsmd:langstring>
            </imsmd:description>
          </imsmd:general>
        </imsmd:lom>
      </metadata>
      <file href="assessment_item_002.xml"/>
      <dependency identifierref="media_1_c9eb910c-a403-44dd-bf9e-d4ecfeba33c1"/>
      <dependency identifierref="media_2_5a22ec67-6e44-4bc4-9229-810f35d8b0d2"/>
    </resource>
    <resource identifier="qti_item_2_169e7c76-1117-4ba7-8c68-079f6c353c68" type="imsqti_item_xmlv2p1" href="assessment_item_003.xml">
      <metadata>
        <schema>IMS QTI Item</schema>
        <schemaversion>2.1</schemaversion>
        <imsmd:lom>
          <imsmd:general>
            <imsmd:identifier>qti_v2_item_2</imsmd:identifier>
            <imsmd:title>
              <imsmd:langstring xml:lang="en">這是示例題目 #2</imsmd:langstring>
            </imsmd:title>
            <imsmd:description>
              <imsmd:langstring xml:lang="en">這是一個示例題目的説明</imsmd:langstring>
            </imsmd:description>
          </imsmd:general>
        </imsmd:lom>
      </metadata>
      <file href="assessment_item_003.xml"/>
      <dependency identifierref="media_1_b75cf79a-6707-4256-a675-b13d0a77476e"/>
      <dependency identifierref="media_2_cfa6d514-65ee-4de8-87ff-0544b21f44e7"/>
    </resource>
    <resource identifier="qti_item_3_e92f3170-0db1-44cd-a323-9947033b6684" type="imsqti_item_xmlv2p1" href="assessment_item_004.xml">
      <metadata>
        <schema>IMS QTI Item</schema>
        <schemaversion>2.1</schemaversion>
        <imsmd:lom>
          <imsmd:general>
            <imsmd:identifier>qti_v2_item_3</imsmd:identifier>
            <imsmd:title>
              <imsmd:langstring xml:lang="en">這是示例題目 #3</imsmd:langstring>
            </imsmd:title>
            <imsmd:description>
              <imsmd:langstring xml:lang="en">這是一個示例題目的説明</imsmd:langstring>
            </imsmd:description>
          </imsmd:general>
        </imsmd:lom>
      </metadata>
      <file href="assessment_item_004.xml"/>
      <dependency identifierref="media_1_b54e9bce-123e-4a18-9ea6-9958d83b798f"/>
      <dependency identifierref="media_2_0d6cfb5c-f12f-4f24-abfd-569220fa4e1e"/>
    </resource>
    <resource identifier="qti_item_4_d19eb1c4-861e-4ed8-bbdd-45e2e316fe91" type="imsqti_item_xmlv2p1" href="assessment_item_006.xml">
      <metadata>
        <schema>IMS QTI Item</schema>
        <schemaversion>2.1</schemaversion>
        <imsmd:lom>
          <imsmd:general>
            <imsmd:identifier>qti_v2_item_4</imsmd:identifier>
            <imsmd:title>
              <imsmd:langstring xml:lang="en">這是示例題目 #4</imsmd:langstring>
            </imsmd:title>
            <imsmd:description>
              <imsmd:langstring xml:lang="en">這是一個示例題目的説明</imsmd:langstring>
            </imsmd:description>
          </imsmd:general>
        </imsmd:lom>
      </metadata>
      <file href="assessment_item_006.xml"/>
      <dependency identifierref="media_1_ca47f621-b7e5-47b7-944c-3bc5d662c06d"/>
      <dependency identifierref="media_2_424e2f95-92ef-4d16-8189-56e2dba3ad7f"/>
    </resource>
    <resource identifier="qti_item_5_18760a9f-9315-440a-929c-a13791b43516" type="imsqti_item_xmlv2p1" href="assessment_item_005.xml">
      <metadata>
        <schema>IMS QTI Item</schema>
        <schemaversion>2.1</schemaversion>
        <imsmd:lom>
          <imsmd:general>
            <imsmd:identifier>qti_v2_item_5</imsmd:identifier>
            <imsmd:title>
              <imsmd:langstring xml:lang="en">這是示例題目 #5</imsmd:langstring>
            </imsmd:title>
            <imsmd:description>
              <imsmd:langstring xml:lang="en">這是一個示例題目的説明</imsmd:langstring>
            </imsmd:description>
          </imsmd:general>
        </imsmd:lom>
      </metadata>
      <file href="assessment_item_005.xml"/>
      <dependency identifierref="media_1_bead3551-95db-4a15-ab24-f3fdee178222"/>
      <dependency identifierref="media_2_9bfa7703-99d9-475b-9a55-d2efb36513b8"/>
    </resource>
    <resource identifier="qti_item_6_4bdde316-6177-4cbc-a5a2-62c67bd1f9cd" type="imsqti_item_xmlv2p1" href="assessment_item_001.xml">
      <metadata>
        <schema>IMS QTI Item</schema>
        <schemaversion>2.1</schemaversion>
        <imsmd:lom>
          <imsmd:general>
            <imsmd:identifier>qti_v2_item_6</imsmd:identifier>
            <imsmd:title>
              <imsmd:langstring xml:lang="en">這是示例題目 #6</imsmd:langstring>
            </imsmd:title>
            <imsmd:description>
              <imsmd:langstring xml:lang="en">這是一個示例題目的説明</imsmd:langstring>
            </imsmd:description>
          </imsmd:general>
        </imsmd:lom>
      </metadata>
      <file href="assessment_item_001.xml"/>
      <dependency identifierref="media_1_c6cca748-c9ab-4036-8b54-db6e987f36e3"/>
      <dependency identifierref="media_2_3f88d3b7-e9dc-4ec1-9afa-6f23a92f964e"/>
    </resource>
    <resource identifier="qti_item_7_b6517191-58f9-4b2a-865a-878e5d7c0be5" type="imsqti_item_xmlv2p1" href="assessment_item_007.xml">
      <metadata>
        <schema>IMS QTI Item</schema>
        <schemaversion>2.1</schemaversion>
        <imsmd:lom>
          <imsmd:general>
            <imsmd:identifier>qti_v2_item_7</imsmd:identifier>
            <imsmd:title>
              <imsmd:langstring xml:lang="en">這是示例題目 #7</imsmd:langstring>
            </imsmd:title>
            <imsmd:description>
              <imsmd:langstring xml:lang="en">這是一個示例題目的説明</imsmd:langstring>
            </imsmd:description>
          </imsmd:general>
        </imsmd:lom>
      </metadata>
      <file href="assessment_item_007.xml"/>
      <dependency identifierref="media_1_8ba6fd81-9fcc-4431-b1fd-ab6155a02443"/>
      <dependency identifierref="media_2_91263659-01c0-4389-b053-25277b41db1d"/>
    </resource>
    <resource identifier="qti_item_8_fd6f58a7-e364-4e1b-85a2-0e110ea9ea0c" type="imsqti_item_xmlv2p1" href="assessment_item_008.xml">
      <metadata>
        <schema>IMS QTI Item</schema>
        <schemaversion>2.1</schemaversion>
        <imsmd:lom>
          <imsmd:general>
            <imsmd:identifier>qti_v2_item_8</imsmd:identifier>
            <imsmd:title>
              <imsmd:langstring xml:lang="en">這是示例題目 #8</imsmd:langstring>
            </imsmd:title>
            <imsmd:description>
              <imsmd:langstring xml:lang="en">這是一個示例題目的説明</imsmd:langstring>
            </imsmd:description>
          </imsmd:general>
        </imsmd:lom>
      </metadata>
      <file href="assessment_item_008.xml"/>
      <dependency identifierref="media_1_809e7876-d248-44f4-92d8-f9e83e3b7587"/>
      <dependency identifierref="media_2_9f51ceb8-b469-4735-adff-d1a26ec2b1fe"/>
    </resource>
    <resource identifier="qti_item_9_30b72b4d-610b-466b-ac73-432fb82cee96" type="imsqti_item_xmlv2p1" href="assessment_item_009.xml">
      <metadata>
        <schema>IMS QTI Item</schema>
        <schemaversion>2.1</schemaversion>
        <imsmd:lom>
          <imsmd:general>
            <imsmd:identifier>qti_v2_item_9</imsmd:identifier>
            <imsmd:title>
              <imsmd:langstring xml:lang="en">這是示例題目 #9</imsmd:langstring>
            </imsmd:title>
            <imsmd:description>
              <imsmd:langstring xml:lang="en">這是一個示例題目的説明</imsmd:langstring>
            </imsmd:description>
          </imsmd:general>
        </imsmd:lom>
      </metadata>
      <file href="assessment_item_009.xml"/>
      <dependency identifierref="media_1_b7f6c8c4-a30a-4771-8491-0b8616ce8a5c"/>
      <dependency identifierref="media_2_62a0c903-5a37-4e51-8428-f92a9c5c418e"/>
    </resource>
    <resource identifier="media_1_03082b35-fd84-4ba2-9755-4ace5a22102c" type="webcontent" href="bird.jpg">
      <metadata>
        <imsmd:lom>
          <imsmd:general>
            <imsmd:description>
              <imsmd:langstring xml:lang="en">這是一個示例媒體文件: bird.jpg</imsmd:langstring>
            </imsmd:description>
          </imsmd:general>
        </imsmd:lom>
      </metadata>
      <file href="bird.jpg"/>
    </resource>
    <resource identifier="media_2_5da4d83a-1e08-4ca1-bcb0-eac74fbb49fb" type="webcontent" href="record.mp3">
      <metadata>
        <imsmd:lom>
          <imsmd:general>
            <imsmd:description>
              <imsmd:langstring xml:lang="en">這是一個示例媒體文件: record.mp3</imsmd:langstring>
            </imsmd:description>
          </imsmd:general>
        </imsmd:lom>
      </metadata>
      <file href="record.mp3"/>
    </resource>
  </resources>
</manifest>