<?xml version="1.0" encoding="UTF-8"?>
<manifest xmlns="http://www.imsglobal.org/xsd/imscp_v1p1" xmlns:imsmd="http://www.imsglobal.org/xsd/imsmd_v1p2" xmlns:imsqti="http://www.imsglobal.org/xsd/imsqti_v2p1" xmlns:xsi="http://www.w3.org/2001/XMLSchema-instance" identifier="MANIFEST-QTI-755703ac-8942-49c2-b86a-f86059ad9ab9" xsi:schemaLocation="http://www.imsglobal.org/xsd/imscp_v1p1 imscp_v1p1.xsd http://www.imsglobal.org/xsd/imsmd_v1p2 imsmd_v1p2p2.xsd http://www.imsglobal.org/xsd/imsqti_v2p1 imsqti_v2p1.xsd">
  <organizations/>
  <resources>
    <resource identifier="qti_item_1_3548bca6-96b9-43f8-8959-fdcb97ce29b3" type="imsqti_item_xmlv2p1" href="assessment_item_001.xml">
      <metadata>
        <schema>IMS QTI Item</schema>
        <schemaversion>2.1</schemaversion>
        <imsmd:lom>
          <imsmd:general>
            <imsmd:identifier>qti_v2_item_1</imsmd:identifier>
            <imsmd:title>
              <imsmd:langstring xml:lang="en">这是示例题目 #1</imsmd:langstring>
            </imsmd:title>
            <imsmd:description>
              <imsmd:langstring xml:lang="en">这是一个示例题目的描述</imsmd:langstring>
            </imsmd:description>
          </imsmd:general>
        </imsmd:lom>
      </metadata>
      <file href="assessment_item_001.xml"/>
    </resource>
    <resource identifier="qti_item_2_3538336b-e378-4fd0-b750-a7cdf5d0fce1" type="imsqti_item_xmlv2p1" href="assessment_item_002.xml">
      <metadata>
        <schema>IMS QTI Item</schema>
        <schemaversion>2.1</schemaversion>
        <imsmd:lom>
          <imsmd:general>
            <imsmd:identifier>qti_v2_item_2</imsmd:identifier>
            <imsmd:title>
              <imsmd:langstring xml:lang="en">这是示例题目 #2</imsmd:langstring>
            </imsmd:title>
            <imsmd:description>
              <imsmd:langstring xml:lang="en">这是一个示例题目的描述</imsmd:langstring>
            </imsmd:description>
          </imsmd:general>
        </imsmd:lom>
      </metadata>
      <file href="assessment_item_002.xml"/>
    </resource>
    <resource identifier="qti_item_3_bbfae264-7de0-4de9-be98-dc36a732a1f7" type="imsqti_item_xmlv2p1" href="assessment_item_003.xml">
      <metadata>
        <schema>IMS QTI Item</schema>
        <schemaversion>2.1</schemaversion>
        <imsmd:lom>
          <imsmd:general>
            <imsmd:identifier>qti_v2_item_3</imsmd:identifier>
            <imsmd:title>
              <imsmd:langstring xml:lang="en">这是示例题目 #3</imsmd:langstring>
            </imsmd:title>
            <imsmd:description>
              <imsmd:langstring xml:lang="en">这是一个示例题目的描述</imsmd:langstring>
            </imsmd:description>
          </imsmd:general>
        </imsmd:lom>
      </metadata>
      <file href="assessment_item_003.xml"/>
    </resource>
    <resource identifier="qti_item_4_440bdab0-a3ef-4321-85aa-0c2a442f976e" type="imsqti_item_xmlv2p1" href="assessment_item_004.xml">
      <metadata>
        <schema>IMS QTI Item</schema>
        <schemaversion>2.1</schemaversion>
        <imsmd:lom>
          <imsmd:general>
            <imsmd:identifier>qti_v2_item_4</imsmd:identifier>
            <imsmd:title>
              <imsmd:langstring xml:lang="en">这是示例题目 #4</imsmd:langstring>
            </imsmd:title>
            <imsmd:description>
              <imsmd:langstring xml:lang="en">这是一个示例题目的描述</imsmd:langstring>
            </imsmd:description>
          </imsmd:general>
        </imsmd:lom>
      </metadata>
      <file href="assessment_item_004.xml"/>
    </resource>
    <resource identifier="qti_item_5_18d2add1-aad5-40e8-a862-ac00c802c45d" type="imsqti_item_xmlv2p1" href="assessment_item_005.xml">
      <metadata>
        <schema>IMS QTI Item</schema>
        <schemaversion>2.1</schemaversion>
        <imsmd:lom>
          <imsmd:general>
            <imsmd:identifier>qti_v2_item_5</imsmd:identifier>
            <imsmd:title>
              <imsmd:langstring xml:lang="en">这是示例题目 #5</imsmd:langstring>
            </imsmd:title>
            <imsmd:description>
              <imsmd:langstring xml:lang="en">这是一个示例题目的描述</imsmd:langstring>
            </imsmd:description>
          </imsmd:general>
        </imsmd:lom>
      </metadata>
      <file href="assessment_item_005.xml"/>
    </resource>
    <resource identifier="qti_item_6_7c45653f-dace-4cc9-a13a-5697a2415673" type="imsqti_item_xmlv2p1" href="assessment_item_006.xml">
      <metadata>
        <schema>IMS QTI Item</schema>
        <schemaversion>2.1</schemaversion>
        <imsmd:lom>
          <imsmd:general>
            <imsmd:identifier>qti_v2_item_6</imsmd:identifier>
            <imsmd:title>
              <imsmd:langstring xml:lang="en">这是示例题目 #6</imsmd:langstring>
            </imsmd:title>
            <imsmd:description>
              <imsmd:langstring xml:lang="en">这是一个示例题目的描述</imsmd:langstring>
            </imsmd:description>
          </imsmd:general>
        </imsmd:lom>
      </metadata>
      <file href="assessment_item_006.xml"/>
    </resource>
    <resource identifier="qti_item_7_7cae02aa-0734-4694-bc5f-34a7c28e2969" type="imsqti_item_xmlv2p1" href="assessment_item_007.xml">
      <metadata>
        <schema>IMS QTI Item</schema>
        <schemaversion>2.1</schemaversion>
        <imsmd:lom>
          <imsmd:general>
            <imsmd:identifier>qti_v2_item_7</imsmd:identifier>
            <imsmd:title>
              <imsmd:langstring xml:lang="en">这是示例题目 #7</imsmd:langstring>
            </imsmd:title>
            <imsmd:description>
              <imsmd:langstring xml:lang="en">这是一个示例题目的描述</imsmd:langstring>
            </imsmd:description>
          </imsmd:general>
        </imsmd:lom>
      </metadata>
      <file href="assessment_item_007.xml"/>
    </resource>
    <resource identifier="qti_item_8_a9cf03b0-14a5-49f7-ad47-597e5f3033a7" type="imsqti_item_xmlv2p1" href="assessment_item_008.xml">
      <metadata>
        <schema>IMS QTI Item</schema>
        <schemaversion>2.1</schemaversion>
        <imsmd:lom>
          <imsmd:general>
            <imsmd:identifier>qti_v2_item_8</imsmd:identifier>
            <imsmd:title>
              <imsmd:langstring xml:lang="en">这是示例题目 #8</imsmd:langstring>
            </imsmd:title>
            <imsmd:description>
              <imsmd:langstring xml:lang="en">这是一个示例题目的描述</imsmd:langstring>
            </imsmd:description>
          </imsmd:general>
        </imsmd:lom>
      </metadata>
      <file href="assessment_item_008.xml"/>
    </resource>
    <resource identifier="qti_item_9_16daa6a6-da47-403a-be0b-4ffc153d3d4d" type="imsqti_item_xmlv2p1" href="assessment_item_010.xml">
      <metadata>
        <schema>IMS QTI Item</schema>
        <schemaversion>2.1</schemaversion>
        <imsmd:lom>
          <imsmd:general>
            <imsmd:identifier>qti_v2_item_9</imsmd:identifier>
            <imsmd:title>
              <imsmd:langstring xml:lang="en">这是示例题目 #9</imsmd:langstring>
            </imsmd:title>
            <imsmd:description>
              <imsmd:langstring xml:lang="en">这是一个示例题目的描述</imsmd:langstring>
            </imsmd:description>
          </imsmd:general>
        </imsmd:lom>
      </metadata>
      <file href="assessment_item_010.xml"/>
    </resource>
    <resource identifier="qti_item_10_e814833c-77b8-4ad0-af5e-1fc54dfc9c1f" type="imsqti_item_xmlv2p1" href="assessment_item_009.xml">
      <metadata>
        <schema>IMS QTI Item</schema>
        <schemaversion>2.1</schemaversion>
        <imsmd:lom>
          <imsmd:general>
            <imsmd:identifier>qti_v2_item_10</imsmd:identifier>
            <imsmd:title>
              <imsmd:langstring xml:lang="en">这是示例题目 #10</imsmd:langstring>
            </imsmd:title>
            <imsmd:description>
              <imsmd:langstring xml:lang="en">这是一个示例题目的描述</imsmd:langstring>
            </imsmd:description>
          </imsmd:general>
        </imsmd:lom>
      </metadata>
      <file href="assessment_item_009.xml"/>
    </resource>
  </resources>
</manifest>