<?xml version="1.0" encoding="UTF-8"?>
<assessmentItem xmlns="http://www.imsglobal.org/xsd/imsqti_v2p1" xsi:schemaLocation="http://www.imsglobal.org/xsd/imsqti_v2p1 http://www.imsglobal.org/xsd/qti/qtiv2p1.xsd" xmlns:xsi="http://www.w3.org/2001/XMLSchema-instance" identifier="64C42DBE-EACC-0E84-CB54-77D6AB84B6EB" title="Default Title" adaptive="false" timeDependent="false" xml:lang="cn">
  <responseDeclaration identifier="RESPONSE" cardinality="single" baseType="identifier">
    <correctResponse>
      <value/>
    </correctResponse>
  </responseDeclaration>
  <outcomeDeclaration identifier="SCORE" cardinality="single" baseType="float">
    <defaultValue>
      <value/>
    </defaultValue>
  </outcomeDeclaration>
  <itemBody>
    <extendedTextInteraction responseIdentifier="RESPONSE_64C42DBE-EACC-0E84-CB54-77D6AB84B6EB" expectedLength="200">
      <prompt>露珠的身体很小，生命也很短暂，但它却是不平凡的。当夜幕笼罩的时候，它像慈母用乳汁____一样地滋润着禾苗；当黎明到来的时候，它又最早睁开那不知疲倦的眼睛；它白天隐身于空气中，夜晚无声地辛勤工作。
</prompt>
    </extendedTextInteraction>
  </itemBody>
  <responseDeclaration identifier="RESPONSE_64C42DBE-EACC-0E84-CB54-77D6AB84B6EB" cardinality="single" baseType="string">
    <correctResponse>
      <value>婴儿</value>
    </correctResponse>
  </responseDeclaration>
</assessmentItem>