<?xml version="1.0" encoding="UTF-8"?>
<assessmentItem xmlns="http://www.imsglobal.org/xsd/imsqti_v2p1" xsi:schemaLocation="http://www.imsglobal.org/xsd/imsqti_v2p1 http://www.imsglobal.org/xsd/qti/qtiv2p1.xsd" xmlns:xsi="http://www.w3.org/2001/XMLSchema-instance" identifier="51b79632f6c890c2d83b90bcc591f7e4" title="Default Title" adaptive="false" timeDependent="false" xml:lang="en">
  <responseDeclaration identifier="RESPONSE" cardinality="single" baseType="identifier">
    <correctResponse>
      <value/>
    </correctResponse>
  </responseDeclaration>
  <outcomeDeclaration identifier="SCORE" cardinality="single" baseType="float">
    <defaultValue>
      <value/>
    </defaultValue>
  </outcomeDeclaration>
  <itemBody>
    <div>
      <embed/>
    </div>
    <extendedTextInteraction responseIdentifier="RESPONSE_51b79632f6c890c2d83b90bcc591f7e4" expectedLength="200">
      <prompt>以下哪些句子是描述運動的好處?是的,在( ) 内加上✓;不是的,在( )内加×。</prompt>
    </extendedTextInteraction>
  </itemBody>
  <responseDeclaration identifier="RESPONSE_51b79632f6c890c2d83b90bcc591f7e4" cardinality="single" baseType="string">
    <correctResponse>
      <value/>
    </correctResponse>
  </responseDeclaration>
</assessmentItem>