<?xml version="1.0" encoding="UTF-8"?>
<assessmentItem xmlns="http://www.imsglobal.org/xsd/imsqti_v2p1" xsi:schemaLocation="http://www.imsglobal.org/xsd/imsqti_v2p1 http://www.imsglobal.org/xsd/qti/qtiv2p1.xsd" xmlns:xsi="http://www.w3.org/2001/XMLSchema-instance" identifier="20cb550de5ecbf4d4851f75b35019e56" title="Default Title" adaptive="false" timeDependent="false" xml:lang="en">
  <responseDeclaration identifier="RESPONSE" cardinality="single" baseType="identifier">
    <correctResponse>
      <value/>
    </correctResponse>
  </responseDeclaration>
  <outcomeDeclaration identifier="SCORE" cardinality="single" baseType="float">
    <defaultValue>
      <value/>
    </defaultValue>
  </outcomeDeclaration>
  <itemBody>
    <div>
      <embed/>
    </div>
    <choiceInteraction responseIdentifier="RESPONSE_20cb550de5ecbf4d4851f75b35019e56" shuffle="false" maxChoices="1">
      <prompt>我在大草原看見不明飛行物體,害怕得很!</prompt>
      <simpleChoice identifier="1">正確</simpleChoice>
      <simpleChoice identifier="0">錯誤</simpleChoice>
    </choiceInteraction>
  </itemBody>
  <responseDeclaration identifier="RESPONSE_20cb550de5ecbf4d4851f75b35019e56" cardinality="single" baseType="boolean">
    <correctResponse>
      <value>0</value>
    </correctResponse>
  </responseDeclaration>
</assessmentItem>