<?xml version="1.0" encoding="UTF-8"?>
<assessmentItem xmlns="http://www.imsglobal.org/xsd/imsqti_v2p1" xsi:schemaLocation="http://www.imsglobal.org/xsd/imsqti_v2p1 http://www.imsglobal.org/xsd/qti/qtiv2p1.xsd" xmlns:xsi="http://www.w3.org/2001/XMLSchema-instance" identifier="48669992753321bece2a5743e9a78610" title="Default Title" adaptive="false" timeDependent="false" xml:lang="en">
  <responseDeclaration identifier="RESPONSE" cardinality="single" baseType="identifier">
    <correctResponse>
      <value/>
    </correctResponse>
  </responseDeclaration>
  <outcomeDeclaration identifier="SCORE" cardinality="single" baseType="float">
    <defaultValue>
      <value/>
    </defaultValue>
  </outcomeDeclaration>
  <itemBody>
    <div>
      <embed/>
    </div>
    <choiceInteraction responseIdentifier="RESPONSE_48669992753321bece2a5743e9a78610" shuffle="false" maxChoices="1">
      <prompt>今天,我在家裏觀察小狗睡覺的動作。</prompt>
      <simpleChoice identifier="1">正確</simpleChoice>
      <simpleChoice identifier="0">錯誤</simpleChoice>
    </choiceInteraction>
  </itemBody>
  <responseDeclaration identifier="RESPONSE_48669992753321bece2a5743e9a78610" cardinality="single" baseType="boolean">
    <correctResponse>
      <value>1</value>
    </correctResponse>
  </responseDeclaration>
</assessmentItem>