<?xml version="1.0" encoding="UTF-8"?>
<assessmentItem xmlns="http://www.imsglobal.org/xsd/imsqti_v2p1" xsi:schemaLocation="http://www.imsglobal.org/xsd/imsqti_v2p1 http://www.imsglobal.org/xsd/qti/qtiv2p1.xsd" xmlns:xsi="http://www.w3.org/2001/XMLSchema-instance" identifier="76f3e15a54fdedf1103175c0c81ce488" title="Default Title" adaptive="false" timeDependent="false" xml:lang="en">
  <responseDeclaration identifier="RESPONSE" cardinality="single" baseType="identifier">
    <correctResponse>
      <value/>
    </correctResponse>
  </responseDeclaration>
  <outcomeDeclaration identifier="SCORE" cardinality="single" baseType="float">
    <defaultValue>
      <value/>
    </defaultValue>
  </outcomeDeclaration>
  <itemBody>
    <div>
      <embed/>
    </div>
    <extendedTextInteraction responseIdentifier="RESPONSE_76f3e15a54fdedf1103175c0c81ce488" expectedLength="200">
      <prompt>以下描述正確,請在對欄打“✓”;描述不正確打“×”。</prompt>
    </extendedTextInteraction>
  </itemBody>
  <responseDeclaration identifier="RESPONSE_76f3e15a54fdedf1103175c0c81ce488" cardinality="single" baseType="string">
    <correctResponse>
      <value/>
    </correctResponse>
  </responseDeclaration>
</assessmentItem>