<?xml version="1.0" encoding="UTF-8"?>
<manifest xmlns="http://www.imsglobal.org/xsd/imscp_v1p1" xmlns:imsmd="http://www.imsglobal.org/xsd/imsmd_v1p2" xmlns:imsqti="http://www.imsglobal.org/xsd/imsqti_v2p1" xmlns:xsi="http://www.w3.org/2001/XMLSchema-instance" identifier="MANIFEST-QTI-45cf273f-4c32-463e-a763-0d42b7572872" xsi:schemaLocation="http://www.imsglobal.org/xsd/imscp_v1p1 imscp_v1p1.xsd http://www.imsglobal.org/xsd/imsmd_v1p2 imsmd_v1p2p2.xsd http://www.imsglobal.org/xsd/imsqti_v2p1 imsqti_v2p1.xsd">
  <organizations/>
  <resources>
    <resource identifier="qti_item_1_15350644-3fad-4900-8a54-74a98d21fe29" type="imsqti_item_xmlv2p1" href="assessment_item_001.xml">
      <metadata>
        <schema>IMS QTI Item</schema>
        <schemaversion>2.1</schemaversion>
        <imsmd:lom>
          <imsmd:general>
            <imsmd:identifier>qti_v2_item_1</imsmd:identifier>
            <imsmd:title>
              <imsmd:langstring xml:lang="en">這是示例題目 </imsmd:langstring>
            </imsmd:title>
            <imsmd:description>
              <imsmd:langstring xml:lang="en">這是一個示例題目的説明</imsmd:langstring>
            </imsmd:description>
          </imsmd:general>
        </imsmd:lom>
      </metadata>
      <file href="assessment_item_001.xml"/>
    </resource>
    <resource identifier="qti_item_2_06e3a9c8-718c-4df3-8946-bf64210c03c5" type="imsqti_item_xmlv2p1" href="assessment_item_002.xml">
      <metadata>
        <schema>IMS QTI Item</schema>
        <schemaversion>2.1</schemaversion>
        <imsmd:lom>
          <imsmd:general>
            <imsmd:identifier>qti_v2_item_2</imsmd:identifier>
            <imsmd:title>
              <imsmd:langstring xml:lang="en">這是示例題目 </imsmd:langstring>
            </imsmd:title>
            <imsmd:description>
              <imsmd:langstring xml:lang="en">這是一個示例題目的説明</imsmd:langstring>
            </imsmd:description>
          </imsmd:general>
        </imsmd:lom>
      </metadata>
      <file href="assessment_item_002.xml"/>
    </resource>
    <resource identifier="qti_item_3_9fcec4c9-f96f-4a70-a37d-dfa0070561bc" type="imsqti_item_xmlv2p1" href="assessment_item_003.xml">
      <metadata>
        <schema>IMS QTI Item</schema>
        <schemaversion>2.1</schemaversion>
        <imsmd:lom>
          <imsmd:general>
            <imsmd:identifier>qti_v2_item_3</imsmd:identifier>
            <imsmd:title>
              <imsmd:langstring xml:lang="en">這是示例題目 </imsmd:langstring>
            </imsmd:title>
            <imsmd:description>
              <imsmd:langstring xml:lang="en">這是一個示例題目的説明</imsmd:langstring>
            </imsmd:description>
          </imsmd:general>
        </imsmd:lom>
      </metadata>
      <file href="assessment_item_003.xml"/>
    </resource>
    <resource identifier="qti_item_4_e550b0dc-10dd-4565-96ef-13c7672ae527" type="imsqti_item_xmlv2p1" href="assessment_item_004.xml">
      <metadata>
        <schema>IMS QTI Item</schema>
        <schemaversion>2.1</schemaversion>
        <imsmd:lom>
          <imsmd:general>
            <imsmd:identifier>qti_v2_item_4</imsmd:identifier>
            <imsmd:title>
              <imsmd:langstring xml:lang="en">這是示例題目 </imsmd:langstring>
            </imsmd:title>
            <imsmd:description>
              <imsmd:langstring xml:lang="en">這是一個示例題目的説明</imsmd:langstring>
            </imsmd:description>
          </imsmd:general>
        </imsmd:lom>
      </metadata>
      <file href="assessment_item_004.xml"/>
    </resource>
    <resource identifier="qti_item_5_b0b074c5-20a9-481f-9df3-80fcd3bb2243" type="imsqti_item_xmlv2p1" href="assessment_item_005.xml">
      <metadata>
        <schema>IMS QTI Item</schema>
        <schemaversion>2.1</schemaversion>
        <imsmd:lom>
          <imsmd:general>
            <imsmd:identifier>qti_v2_item_5</imsmd:identifier>
            <imsmd:title>
              <imsmd:langstring xml:lang="en">這是示例題目 </imsmd:langstring>
            </imsmd:title>
            <imsmd:description>
              <imsmd:langstring xml:lang="en">這是一個示例題目的説明</imsmd:langstring>
            </imsmd:description>
          </imsmd:general>
        </imsmd:lom>
      </metadata>
      <file href="assessment_item_005.xml"/>
    </resource>
    <resource identifier="qti_item_6_df998a07-9b47-422a-8c4f-8ff574b03dfd" type="imsqti_item_xmlv2p1" href="assessment_item_006.xml">
      <metadata>
        <schema>IMS QTI Item</schema>
        <schemaversion>2.1</schemaversion>
        <imsmd:lom>
          <imsmd:general>
            <imsmd:identifier>qti_v2_item_6</imsmd:identifier>
            <imsmd:title>
              <imsmd:langstring xml:lang="en">這是示例題目 </imsmd:langstring>
            </imsmd:title>
            <imsmd:description>
              <imsmd:langstring xml:lang="en">這是一個示例題目的説明</imsmd:langstring>
            </imsmd:description>
          </imsmd:general>
        </imsmd:lom>
      </metadata>
      <file href="assessment_item_006.xml"/>
    </resource>
    <resource identifier="qti_item_7_4d4091f0-55b9-4e6c-9382-e1ce2841157f" type="imsqti_item_xmlv2p1" href="assessment_item_007.xml">
      <metadata>
        <schema>IMS QTI Item</schema>
        <schemaversion>2.1</schemaversion>
        <imsmd:lom>
          <imsmd:general>
            <imsmd:identifier>qti_v2_item_7</imsmd:identifier>
            <imsmd:title>
              <imsmd:langstring xml:lang="en">這是示例題目 </imsmd:langstring>
            </imsmd:title>
            <imsmd:description>
              <imsmd:langstring xml:lang="en">這是一個示例題目的説明</imsmd:langstring>
            </imsmd:description>
          </imsmd:general>
        </imsmd:lom>
      </metadata>
      <file href="assessment_item_007.xml"/>
    </resource>
    <resource identifier="qti_item_8_e75ec94f-ab34-4187-be13-5007e9301e0b" type="imsqti_item_xmlv2p1" href="assessment_item_008.xml">
      <metadata>
        <schema>IMS QTI Item</schema>
        <schemaversion>2.1</schemaversion>
        <imsmd:lom>
          <imsmd:general>
            <imsmd:identifier>qti_v2_item_8</imsmd:identifier>
            <imsmd:title>
              <imsmd:langstring xml:lang="en">這是示例題目 </imsmd:langstring>
            </imsmd:title>
            <imsmd:description>
              <imsmd:langstring xml:lang="en">這是一個示例題目的説明</imsmd:langstring>
            </imsmd:description>
          </imsmd:general>
        </imsmd:lom>
      </metadata>
      <file href="assessment_item_008.xml"/>
    </resource>
    <resource identifier="qti_item_9_540f687d-495f-4ea0-a485-cdb08dc8dbd2" type="imsqti_item_xmlv2p1" href="assessment_item_009.xml">
      <metadata>
        <schema>IMS QTI Item</schema>
        <schemaversion>2.1</schemaversion>
        <imsmd:lom>
          <imsmd:general>
            <imsmd:identifier>qti_v2_item_9</imsmd:identifier>
            <imsmd:title>
              <imsmd:langstring xml:lang="en">這是示例題目 </imsmd:langstring>
            </imsmd:title>
            <imsmd:description>
              <imsmd:langstring xml:lang="en">這是一個示例題目的説明</imsmd:langstring>
            </imsmd:description>
          </imsmd:general>
        </imsmd:lom>
      </metadata>
      <file href="assessment_item_009.xml"/>
    </resource>
    <resource identifier="qti_item_10_a7b9f47d-2845-4a14-a2b1-6cd3285fee71" type="imsqti_item_xmlv2p1" href="assessment_item_010.xml">
      <metadata>
        <schema>IMS QTI Item</schema>
        <schemaversion>2.1</schemaversion>
        <imsmd:lom>
          <imsmd:general>
            <imsmd:identifier>qti_v2_item_10</imsmd:identifier>
            <imsmd:title>
              <imsmd:langstring xml:lang="en">這是示例題目 </imsmd:langstring>
            </imsmd:title>
            <imsmd:description>
              <imsmd:langstring xml:lang="en">這是一個示例題目的説明</imsmd:langstring>
            </imsmd:description>
          </imsmd:general>
        </imsmd:lom>
      </metadata>
      <file href="assessment_item_010.xml"/>
    </resource>
    <resource identifier="qti_item_11_16c851f3-380f-493f-88dc-5625c7d844e4" type="imsqti_item_xmlv2p1" href="assessment_item_011.xml">
      <metadata>
        <schema>IMS QTI Item</schema>
        <schemaversion>2.1</schemaversion>
        <imsmd:lom>
          <imsmd:general>
            <imsmd:identifier>qti_v2_item_11</imsmd:identifier>
            <imsmd:title>
              <imsmd:langstring xml:lang="en">這是示例題目 </imsmd:langstring>
            </imsmd:title>
            <imsmd:description>
              <imsmd:langstring xml:lang="en">這是一個示例題目的説明</imsmd:langstring>
            </imsmd:description>
          </imsmd:general>
        </imsmd:lom>
      </metadata>
      <file href="assessment_item_011.xml"/>
    </resource>
    <resource identifier="qti_item_12_c99d9fdb-3597-4734-8c6b-1805f5daa32b" type="imsqti_item_xmlv2p1" href="assessment_item_012.xml">
      <metadata>
        <schema>IMS QTI Item</schema>
        <schemaversion>2.1</schemaversion>
        <imsmd:lom>
          <imsmd:general>
            <imsmd:identifier>qti_v2_item_12</imsmd:identifier>
            <imsmd:title>
              <imsmd:langstring xml:lang="en">這是示例題目 </imsmd:langstring>
            </imsmd:title>
            <imsmd:description>
              <imsmd:langstring xml:lang="en">這是一個示例題目的説明</imsmd:langstring>
            </imsmd:description>
          </imsmd:general>
        </imsmd:lom>
      </metadata>
      <file href="assessment_item_012.xml"/>
    </resource>
    <resource identifier="qti_item_13_6d845759-6912-4482-8b99-e4dccb016cfe" type="imsqti_item_xmlv2p1" href="assessment_item_013.xml">
      <metadata>
        <schema>IMS QTI Item</schema>
        <schemaversion>2.1</schemaversion>
        <imsmd:lom>
          <imsmd:general>
            <imsmd:identifier>qti_v2_item_13</imsmd:identifier>
            <imsmd:title>
              <imsmd:langstring xml:lang="en">這是示例題目 </imsmd:langstring>
            </imsmd:title>
            <imsmd:description>
              <imsmd:langstring xml:lang="en">這是一個示例題目的説明</imsmd:langstring>
            </imsmd:description>
          </imsmd:general>
        </imsmd:lom>
      </metadata>
      <file href="assessment_item_013.xml"/>
    </resource>
    <resource identifier="qti_item_14_7de0230b-79c9-4c0b-9ab9-6f697ced1852" type="imsqti_item_xmlv2p1" href="assessment_item_017.xml">
      <metadata>
        <schema>IMS QTI Item</schema>
        <schemaversion>2.1</schemaversion>
        <imsmd:lom>
          <imsmd:general>
            <imsmd:identifier>qti_v2_item_14</imsmd:identifier>
            <imsmd:title>
              <imsmd:langstring xml:lang="en">這是示例題目 </imsmd:langstring>
            </imsmd:title>
            <imsmd:description>
              <imsmd:langstring xml:lang="en">這是一個示例題目的説明</imsmd:langstring>
            </imsmd:description>
          </imsmd:general>
        </imsmd:lom>
      </metadata>
      <file href="assessment_item_017.xml"/>
    </resource>
    <resource identifier="qti_item_15_07b80325-376c-44ee-bbf7-8241e2a1f795" type="imsqti_item_xmlv2p1" href="assessment_item_016.xml">
      <metadata>
        <schema>IMS QTI Item</schema>
        <schemaversion>2.1</schemaversion>
        <imsmd:lom>
          <imsmd:general>
            <imsmd:identifier>qti_v2_item_15</imsmd:identifier>
            <imsmd:title>
              <imsmd:langstring xml:lang="en">這是示例題目 </imsmd:langstring>
            </imsmd:title>
            <imsmd:description>
              <imsmd:langstring xml:lang="en">這是一個示例題目的説明</imsmd:langstring>
            </imsmd:description>
          </imsmd:general>
        </imsmd:lom>
      </metadata>
      <file href="assessment_item_016.xml"/>
    </resource>
    <resource identifier="qti_item_16_52dbb689-b125-4eb6-9983-95a8071ae3d5" type="imsqti_item_xmlv2p1" href="assessment_item_018.xml">
      <metadata>
        <schema>IMS QTI Item</schema>
        <schemaversion>2.1</schemaversion>
        <imsmd:lom>
          <imsmd:general>
            <imsmd:identifier>qti_v2_item_16</imsmd:identifier>
            <imsmd:title>
              <imsmd:langstring xml:lang="en">這是示例題目 </imsmd:langstring>
            </imsmd:title>
            <imsmd:description>
              <imsmd:langstring xml:lang="en">這是一個示例題目的説明</imsmd:langstring>
            </imsmd:description>
          </imsmd:general>
        </imsmd:lom>
      </metadata>
      <file href="assessment_item_018.xml"/>
    </resource>
    <resource identifier="qti_item_17_9dddb87f-b3ff-4098-9f0c-cb47580b3005" type="imsqti_item_xmlv2p1" href="assessment_item_014.xml">
      <metadata>
        <schema>IMS QTI Item</schema>
        <schemaversion>2.1</schemaversion>
        <imsmd:lom>
          <imsmd:general>
            <imsmd:identifier>qti_v2_item_17</imsmd:identifier>
            <imsmd:title>
              <imsmd:langstring xml:lang="en">這是示例題目 </imsmd:langstring>
            </imsmd:title>
            <imsmd:description>
              <imsmd:langstring xml:lang="en">這是一個示例題目的説明</imsmd:langstring>
            </imsmd:description>
          </imsmd:general>
        </imsmd:lom>
      </metadata>
      <file href="assessment_item_014.xml"/>
    </resource>
    <resource identifier="qti_item_18_f6f1db85-d4e2-4f2d-959c-02d5574cdadf" type="imsqti_item_xmlv2p1" href="assessment_item_015.xml">
      <metadata>
        <schema>IMS QTI Item</schema>
        <schemaversion>2.1</schemaversion>
        <imsmd:lom>
          <imsmd:general>
            <imsmd:identifier>qti_v2_item_18</imsmd:identifier>
            <imsmd:title>
              <imsmd:langstring xml:lang="en">這是示例題目 </imsmd:langstring>
            </imsmd:title>
            <imsmd:description>
              <imsmd:langstring xml:lang="en">這是一個示例題目的説明</imsmd:langstring>
            </imsmd:description>
          </imsmd:general>
        </imsmd:lom>
      </metadata>
      <file href="assessment_item_015.xml"/>
    </resource>
    <resource identifier="qti_item_19_70fd0ff8-b75b-4762-bde8-b264d5db05bc" type="imsqti_item_xmlv2p1" href="assessment_item_019.xml">
      <metadata>
        <schema>IMS QTI Item</schema>
        <schemaversion>2.1</schemaversion>
        <imsmd:lom>
          <imsmd:general>
            <imsmd:identifier>qti_v2_item_19</imsmd:identifier>
            <imsmd:title>
              <imsmd:langstring xml:lang="en">這是示例題目 </imsmd:langstring>
            </imsmd:title>
            <imsmd:description>
              <imsmd:langstring xml:lang="en">這是一個示例題目的説明</imsmd:langstring>
            </imsmd:description>
          </imsmd:general>
        </imsmd:lom>
      </metadata>
      <file href="assessment_item_019.xml"/>
    </resource>
    <resource identifier="qti_item_20_b494e26d-00d4-4872-a71f-f9296f5e82f0" type="imsqti_item_xmlv2p1" href="assessment_item_021.xml">
      <metadata>
        <schema>IMS QTI Item</schema>
        <schemaversion>2.1</schemaversion>
        <imsmd:lom>
          <imsmd:general>
            <imsmd:identifier>qti_v2_item_20</imsmd:identifier>
            <imsmd:title>
              <imsmd:langstring xml:lang="en">這是示例題目 </imsmd:langstring>
            </imsmd:title>
            <imsmd:description>
              <imsmd:langstring xml:lang="en">這是一個示例題目的説明</imsmd:langstring>
            </imsmd:description>
          </imsmd:general>
        </imsmd:lom>
      </metadata>
      <file href="assessment_item_021.xml"/>
    </resource>
    <resource identifier="qti_item_21_dc007b89-4420-4ef8-86f8-df2b12f7b65e" type="imsqti_item_xmlv2p1" href="assessment_item_020.xml">
      <metadata>
        <schema>IMS QTI Item</schema>
        <schemaversion>2.1</schemaversion>
        <imsmd:lom>
          <imsmd:general>
            <imsmd:identifier>qti_v2_item_21</imsmd:identifier>
            <imsmd:title>
              <imsmd:langstring xml:lang="en">這是示例題目 </imsmd:langstring>
            </imsmd:title>
            <imsmd:description>
              <imsmd:langstring xml:lang="en">這是一個示例題目的説明</imsmd:langstring>
            </imsmd:description>
          </imsmd:general>
        </imsmd:lom>
      </metadata>
      <file href="assessment_item_020.xml"/>
    </resource>
    <resource identifier="qti_item_22_b6701f1d-2ac3-4a3e-864c-7f97433555e3" type="imsqti_item_xmlv2p1" href="assessment_item_022.xml">
      <metadata>
        <schema>IMS QTI Item</schema>
        <schemaversion>2.1</schemaversion>
        <imsmd:lom>
          <imsmd:general>
            <imsmd:identifier>qti_v2_item_22</imsmd:identifier>
            <imsmd:title>
              <imsmd:langstring xml:lang="en">這是示例題目 </imsmd:langstring>
            </imsmd:title>
            <imsmd:description>
              <imsmd:langstring xml:lang="en">這是一個示例題目的説明</imsmd:langstring>
            </imsmd:description>
          </imsmd:general>
        </imsmd:lom>
      </metadata>
      <file href="assessment_item_022.xml"/>
    </resource>
    <resource identifier="qti_item_23_70b02dfc-b0ce-4526-b413-b05d5e36fcec" type="imsqti_item_xmlv2p1" href="assessment_item_023.xml">
      <metadata>
        <schema>IMS QTI Item</schema>
        <schemaversion>2.1</schemaversion>
        <imsmd:lom>
          <imsmd:general>
            <imsmd:identifier>qti_v2_item_23</imsmd:identifier>
            <imsmd:title>
              <imsmd:langstring xml:lang="en">這是示例題目 </imsmd:langstring>
            </imsmd:title>
            <imsmd:description>
              <imsmd:langstring xml:lang="en">這是一個示例題目的説明</imsmd:langstring>
            </imsmd:description>
          </imsmd:general>
        </imsmd:lom>
      </metadata>
      <file href="assessment_item_023.xml"/>
    </resource>
  </resources>
</manifest>