<?xml version="1.0" encoding="UTF-8"?>
<assessmentItem xmlns="http://www.imsglobal.org/xsd/imsqti_v2p1" xsi:schemaLocation="http://www.imsglobal.org/xsd/imsqti_v2p1 http://www.imsglobal.org/xsd/qti/qtiv2p1.xsd" xmlns:xsi="http://www.w3.org/2001/XMLSchema-instance" identifier="07B0AF2A-BCF4-95D7-D342-C71DB96CAE46" title="Default Title" adaptive="false" timeDependent="false" xml:lang="cn">
  <responseDeclaration identifier="RESPONSE" cardinality="single" baseType="identifier">
    <correctResponse>
      <value/>
    </correctResponse>
  </responseDeclaration>
  <outcomeDeclaration identifier="SCORE" cardinality="single" baseType="float">
    <defaultValue>
      <value/>
    </defaultValue>
  </outcomeDeclaration>
  <itemBody>
    <extendedTextInteraction responseIdentifier="RESPONSE_07B0AF2A-BCF4-95D7-D342-C71DB96CAE46" expectedLength="200">
      <prompt>每个孩子都有一定的成长规律。因为个性气质、知识经验、心理特点等方面的不同，成长速度有快有
慢。人们无需背离孩子的成长规律，做""式的努力。
</prompt>
    </extendedTextInteraction>
  </itemBody>
  <responseDeclaration identifier="RESPONSE_07B0AF2A-BCF4-95D7-D342-C71DB96CAE46" cardinality="single" baseType="string">
    <correctResponse>
      <value>揠苗助长 </value>
    </correctResponse>
  </responseDeclaration>
</assessmentItem>