<?xml version="1.0" encoding="UTF-8"?>
<assessmentItem xmlns="http://www.imsglobal.org/xsd/imsqti_v2p1" xsi:schemaLocation="http://www.imsglobal.org/xsd/imsqti_v2p1 http://www.imsglobal.org/xsd/qti/qtiv2p1.xsd" xmlns:xsi="http://www.w3.org/2001/XMLSchema-instance" identifier="4a891b1f92aed6e5b05be655bbdb7b9f" title="Default Title" adaptive="false" timeDependent="false" xml:lang="en">
  <responseDeclaration identifier="RESPONSE" cardinality="single" baseType="identifier">
    <correctResponse>
      <value/>
    </correctResponse>
  </responseDeclaration>
  <outcomeDeclaration identifier="SCORE" cardinality="single" baseType="float">
    <defaultValue>
      <value/>
    </defaultValue>
  </outcomeDeclaration>
  <itemBody>
    <div>
      <qh5:figure/>
    </div>
    <choiceInteraction responseIdentifier="RESPONSE_4a891b1f92aed6e5b05be655bbdb7b9f" shuffle="false" maxChoices="1">
      <prompt>今天,我考試得了一百分,我開心極了。</prompt>
      <simpleChoice identifier="1">正確</simpleChoice>
      <simpleChoice identifier="0">錯誤</simpleChoice>
    </choiceInteraction>
  </itemBody>
  <responseDeclaration identifier="RESPONSE_4a891b1f92aed6e5b05be655bbdb7b9f" cardinality="single" baseType="boolean">
    <correctResponse>
      <value>1</value>
    </correctResponse>
  </responseDeclaration>
</assessmentItem>