<?xml version="1.0" encoding="UTF-8"?>
<assessmentItem xmlns="http://www.imsglobal.org/xsd/imsqti_v2p1" xsi:schemaLocation="http://www.imsglobal.org/xsd/imsqti_v2p1 http://www.imsglobal.org/xsd/qti/qtiv2p1.xsd" xmlns:xsi="http://www.w3.org/2001/XMLSchema-instance" identifier="d6d0b1186db5cf1beb862699dafa911f" title="Default Title" adaptive="false" timeDependent="false" xml:lang="en">
  <responseDeclaration identifier="RESPONSE" cardinality="single" baseType="identifier">
    <correctResponse>
      <value/>
    </correctResponse>
  </responseDeclaration>
  <outcomeDeclaration identifier="SCORE" cardinality="single" baseType="float">
    <defaultValue>
      <value/>
    </defaultValue>
  </outcomeDeclaration>
  <itemBody>
    <div>
      <qh5:figure/>
    </div>
    <extendedTextInteraction responseIdentifier="RESPONSE_d6d0b1186db5cf1beb862699dafa911f" expectedLength="200">
      <prompt>列表比較:比較三種不同鏡面的特性,並在合適的方格内加✓。</prompt>
    </extendedTextInteraction>
  </itemBody>
  <responseDeclaration identifier="RESPONSE_d6d0b1186db5cf1beb862699dafa911f" cardinality="single" baseType="string">
    <correctResponse>
      <value/>
    </correctResponse>
  </responseDeclaration>
</assessmentItem>