<?xml version="1.0" encoding="UTF-8"?>
<assessmentItem xmlns="http://www.imsglobal.org/xsd/imsqti_v2p1" xsi:schemaLocation="http://www.imsglobal.org/xsd/imsqti_v2p1 http://www.imsglobal.org/xsd/qti/qtiv2p1/imsqti_v2p1.xsd" xmlns:xsi="http://www.w3.org/2001/XMLSchema-instance" identifier="57D854CA-9FA1-D6CE-1170-EB106CC93138" title="Default Title" adaptive="false" timeDependent="false">
  <itemBody>
    <textEntryInteraction responseIdentifier="RESPONSE_57D854CA-9FA1-D6CE-1170-EB106CC93138" expectedLength="200">
      <prompt>三人行，必有我[師]。</prompt>
    </textEntryInteraction>
  </itemBody>
  <responseDeclaration identifier="RESPONSE_57D854CA-9FA1-D6CE-1170-EB106CC93138" cardinality="single" baseType="string">
    <correctResponse>
      <value>師</value>
    </correctResponse>
  </responseDeclaration>
</assessmentItem>