<?xml version="1.0" encoding="UTF-8"?>
<assessmentItem xmlns="http://www.imsglobal.org/xsd/imsqti_v2p1" xsi:schemaLocation="http://www.imsglobal.org/xsd/imsqti_v2p1 http://www.imsglobal.org/xsd/qti/qtiv2p1/imsqti_v2p1.xsd" xmlns:xsi="http://www.w3.org/2001/XMLSchema-instance" identifier="7F1D928C-A0E0-A981-7EF0-2C1F9103B157" title="Default Title" adaptive="false" timeDependent="false">
  <itemBody>
    <extendedTextInteraction responseIdentifier="RESPONSE_7F1D928C-A0E0-A981-7EF0-2C1F9103B157" expectedLength="200">
      <prompt>小英姓陳，那麽小英的爸爸也姓陳嗎？</prompt>
      <audio controls="">
        <source src="https://oka.blob.core.windows.net/media/resource/2024/08/22/time(144820)-school(272)-2024-08-22-144805-66c6df25-166c6df2599458-528fd7a6.mp3" type="audio/mpeg"/>
      </audio>
    </extendedTextInteraction>
  </itemBody>
  <responseDeclaration identifier="RESPONSE_7F1D928C-A0E0-A981-7EF0-2C1F9103B157" cardinality="single" baseType="string">
    <correctResponse>
      <value>1</value>
    </correctResponse>
  </responseDeclaration>
</assessmentItem>