<?xml version="1.0" encoding="UTF-8"?>
<manifest xmlns="http://www.imsglobal.org/xsd/imscp_v1p1" xmlns:imsmd="http://www.imsglobal.org/xsd/imsmd_v1p2" xmlns:imsqti="http://www.imsglobal.org/xsd/imsqti_v2p1" xmlns:xsi="http://www.w3.org/2001/XMLSchema-instance" identifier="MANIFEST-QTI-242ffab7-2106-4b28-8614-3e5bedbf7705" xsi:schemaLocation="http://www.imsglobal.org/xsd/imscp_v1p1 imscp_v1p1.xsd http://www.imsglobal.org/xsd/imsmd_v1p2 imsmd_v1p2p2.xsd http://www.imsglobal.org/xsd/imsqti_v2p1 imsqti_v2p1.xsd">
  <organizations/>
  <resources>
    <resource identifier="qti_item_1_54e02d38-04a4-423c-9ea3-95d636236a31" type="imsqti_item_xmlv2p1" href="assessment_item_002.xml">
      <metadata>
        <schema>IMS QTI Item</schema>
        <schemaversion>2.1</schemaversion>
        <imsmd:lom>
          <imsmd:general>
            <imsmd:identifier>qti_v2_item_1</imsmd:identifier>
            <imsmd:title>
              <imsmd:langstring xml:lang="en">這是示例題目 #1</imsmd:langstring>
            </imsmd:title>
            <imsmd:description>
              <imsmd:langstring xml:lang="en">這是一個示例題目的説明</imsmd:langstring>
            </imsmd:description>
          </imsmd:general>
        </imsmd:lom>
      </metadata>
      <file href="assessment_item_002.xml"/>
    </resource>
    <resource identifier="qti_item_2_4841a486-cdd7-49bd-bcff-de376889997c" type="imsqti_item_xmlv2p1" href="assessment_item_001.xml">
      <metadata>
        <schema>IMS QTI Item</schema>
        <schemaversion>2.1</schemaversion>
        <imsmd:lom>
          <imsmd:general>
            <imsmd:identifier>qti_v2_item_2</imsmd:identifier>
            <imsmd:title>
              <imsmd:langstring xml:lang="en">這是示例題目 #2</imsmd:langstring>
            </imsmd:title>
            <imsmd:description>
              <imsmd:langstring xml:lang="en">這是一個示例題目的説明</imsmd:langstring>
            </imsmd:description>
          </imsmd:general>
        </imsmd:lom>
      </metadata>
      <file href="assessment_item_001.xml"/>
    </resource>
    <resource identifier="qti_item_3_1b3d67d1-0c79-4d1b-bf1e-41d8936d7d99" type="imsqti_item_xmlv2p1" href="assessment_item_003.xml">
      <metadata>
        <schema>IMS QTI Item</schema>
        <schemaversion>2.1</schemaversion>
        <imsmd:lom>
          <imsmd:general>
            <imsmd:identifier>qti_v2_item_3</imsmd:identifier>
            <imsmd:title>
              <imsmd:langstring xml:lang="en">這是示例題目 #3</imsmd:langstring>
            </imsmd:title>
            <imsmd:description>
              <imsmd:langstring xml:lang="en">這是一個示例題目的説明</imsmd:langstring>
            </imsmd:description>
          </imsmd:general>
        </imsmd:lom>
      </metadata>
      <file href="assessment_item_003.xml"/>
    </resource>
    <resource identifier="qti_item_4_f485fa8b-fde6-44f7-a166-7a4aab5f7cfc" type="imsqti_item_xmlv2p1" href="assessment_item_004.xml">
      <metadata>
        <schema>IMS QTI Item</schema>
        <schemaversion>2.1</schemaversion>
        <imsmd:lom>
          <imsmd:general>
            <imsmd:identifier>qti_v2_item_4</imsmd:identifier>
            <imsmd:title>
              <imsmd:langstring xml:lang="en">這是示例題目 #4</imsmd:langstring>
            </imsmd:title>
            <imsmd:description>
              <imsmd:langstring xml:lang="en">這是一個示例題目的説明</imsmd:langstring>
            </imsmd:description>
          </imsmd:general>
        </imsmd:lom>
      </metadata>
      <file href="assessment_item_004.xml"/>
    </resource>
    <resource identifier="qti_item_5_6924980b-65ee-47ac-b405-09d8b48d9069" type="imsqti_item_xmlv2p1" href="assessment_item_007.xml">
      <metadata>
        <schema>IMS QTI Item</schema>
        <schemaversion>2.1</schemaversion>
        <imsmd:lom>
          <imsmd:general>
            <imsmd:identifier>qti_v2_item_5</imsmd:identifier>
            <imsmd:title>
              <imsmd:langstring xml:lang="en">這是示例題目 #5</imsmd:langstring>
            </imsmd:title>
            <imsmd:description>
              <imsmd:langstring xml:lang="en">這是一個示例題目的説明</imsmd:langstring>
            </imsmd:description>
          </imsmd:general>
        </imsmd:lom>
      </metadata>
      <file href="assessment_item_007.xml"/>
    </resource>
    <resource identifier="qti_item_6_780bbebf-be0a-4c0f-a7d0-bafb2ae18665" type="imsqti_item_xmlv2p1" href="assessment_item_005.xml">
      <metadata>
        <schema>IMS QTI Item</schema>
        <schemaversion>2.1</schemaversion>
        <imsmd:lom>
          <imsmd:general>
            <imsmd:identifier>qti_v2_item_6</imsmd:identifier>
            <imsmd:title>
              <imsmd:langstring xml:lang="en">這是示例題目 #6</imsmd:langstring>
            </imsmd:title>
            <imsmd:description>
              <imsmd:langstring xml:lang="en">這是一個示例題目的説明</imsmd:langstring>
            </imsmd:description>
          </imsmd:general>
        </imsmd:lom>
      </metadata>
      <file href="assessment_item_005.xml"/>
    </resource>
    <resource identifier="qti_item_7_36295673-6a66-447a-b180-2cc2aaf77625" type="imsqti_item_xmlv2p1" href="assessment_item_009.xml">
      <metadata>
        <schema>IMS QTI Item</schema>
        <schemaversion>2.1</schemaversion>
        <imsmd:lom>
          <imsmd:general>
            <imsmd:identifier>qti_v2_item_7</imsmd:identifier>
            <imsmd:title>
              <imsmd:langstring xml:lang="en">這是示例題目 #7</imsmd:langstring>
            </imsmd:title>
            <imsmd:description>
              <imsmd:langstring xml:lang="en">這是一個示例題目的説明</imsmd:langstring>
            </imsmd:description>
          </imsmd:general>
        </imsmd:lom>
      </metadata>
      <file href="assessment_item_009.xml"/>
    </resource>
    <resource identifier="qti_item_8_3bd27147-a3b7-4319-a267-78df8a22e4d2" type="imsqti_item_xmlv2p1" href="assessment_item_006.xml">
      <metadata>
        <schema>IMS QTI Item</schema>
        <schemaversion>2.1</schemaversion>
        <imsmd:lom>
          <imsmd:general>
            <imsmd:identifier>qti_v2_item_8</imsmd:identifier>
            <imsmd:title>
              <imsmd:langstring xml:lang="en">這是示例題目 #8</imsmd:langstring>
            </imsmd:title>
            <imsmd:description>
              <imsmd:langstring xml:lang="en">這是一個示例題目的説明</imsmd:langstring>
            </imsmd:description>
          </imsmd:general>
        </imsmd:lom>
      </metadata>
      <file href="assessment_item_006.xml"/>
    </resource>
    <resource identifier="qti_item_9_f285dedb-2e6d-42c1-9d77-ac6610cf28f9" type="imsqti_item_xmlv2p1" href="assessment_item_008.xml">
      <metadata>
        <schema>IMS QTI Item</schema>
        <schemaversion>2.1</schemaversion>
        <imsmd:lom>
          <imsmd:general>
            <imsmd:identifier>qti_v2_item_9</imsmd:identifier>
            <imsmd:title>
              <imsmd:langstring xml:lang="en">這是示例題目 #9</imsmd:langstring>
            </imsmd:title>
            <imsmd:description>
              <imsmd:langstring xml:lang="en">這是一個示例題目的説明</imsmd:langstring>
            </imsmd:description>
          </imsmd:general>
        </imsmd:lom>
      </metadata>
      <file href="assessment_item_008.xml"/>
    </resource>
    <resource identifier="qti_item_10_1c8e33b4-56af-4929-bcc0-d553818c1869" type="imsqti_item_xmlv2p1" href="assessment_item_010.xml">
      <metadata>
        <schema>IMS QTI Item</schema>
        <schemaversion>2.1</schemaversion>
        <imsmd:lom>
          <imsmd:general>
            <imsmd:identifier>qti_v2_item_10</imsmd:identifier>
            <imsmd:title>
              <imsmd:langstring xml:lang="en">這是示例題目 #10</imsmd:langstring>
            </imsmd:title>
            <imsmd:description>
              <imsmd:langstring xml:lang="en">這是一個示例題目的説明</imsmd:langstring>
            </imsmd:description>
          </imsmd:general>
        </imsmd:lom>
      </metadata>
      <file href="assessment_item_010.xml"/>
    </resource>
  </resources>
</manifest>