<?xml version="1.0" encoding="UTF-8"?>
<assessmentItem xmlns="http://www.imsglobal.org/xsd/imsqti_v2p1" xsi:schemaLocation="http://www.imsglobal.org/xsd/imsqti_v2p1 http://www.imsglobal.org/xsd/qti/qtiv2p1.xsd" xmlns:xsi="http://www.w3.org/2001/XMLSchema-instance" identifier="b4a90707b79ba3551f45696a248ebdfe" title="Default Title" adaptive="false" timeDependent="false" xml:lang="en">
  <responseDeclaration identifier="RESPONSE" cardinality="single" baseType="identifier">
    <correctResponse>
      <value/>
    </correctResponse>
  </responseDeclaration>
  <outcomeDeclaration identifier="SCORE" cardinality="single" baseType="float">
    <defaultValue>
      <value/>
    </defaultValue>
  </outcomeDeclaration>
  <itemBody>
    <div>
      <qh5:figure/>
    </div>
    <extendedTextInteraction responseIdentifier="RESPONSE_b4a90707b79ba3551f45696a248ebdfe" expectedLength="200">
      <prompt>以下句子正確的在括號内加✓;不正確的加△。</prompt>
    </extendedTextInteraction>
  </itemBody>
  <responseDeclaration identifier="RESPONSE_b4a90707b79ba3551f45696a248ebdfe" cardinality="single" baseType="string">
    <correctResponse>
      <value/>
    </correctResponse>
  </responseDeclaration>
</assessmentItem>