<?xml version="1.0" encoding="UTF-8"?>
<manifest xmlns="http://www.imsglobal.org/xsd/imscp_v1p1" xmlns:imsmd="http://www.imsglobal.org/xsd/imsmd_v1p2" xmlns:imsqti="http://www.imsglobal.org/xsd/imsqti_v2p1" xmlns:xsi="http://www.w3.org/2001/XMLSchema-instance" identifier="MANIFEST-QTI-8ce42405-e1e3-45cd-adf3-cb0a0e1273f2" xsi:schemaLocation="http://www.imsglobal.org/xsd/imscp_v1p1 imscp_v1p1.xsd http://www.imsglobal.org/xsd/imsmd_v1p2 imsmd_v1p2p2.xsd http://www.imsglobal.org/xsd/imsqti_v2p1 imsqti_v2p1.xsd">
  <organizations/>
  <resources>
    <resource identifier="qti_item_1_f06f6828-5daf-413c-868c-9d58fca88fe1" type="imsqti_item_xmlv2p1" href="assessment_item_001.xml">
      <metadata>
        <schema>IMS QTI Item</schema>
        <schemaversion>2.1</schemaversion>
        <imsmd:lom>
          <imsmd:general>
            <imsmd:identifier>qti_v2_item_1</imsmd:identifier>
            <imsmd:title>
              <imsmd:langstring xml:lang="en">这是示例题目 #1</imsmd:langstring>
            </imsmd:title>
            <imsmd:description>
              <imsmd:langstring xml:lang="en">这是一个示例题目的描述</imsmd:langstring>
            </imsmd:description>
          </imsmd:general>
        </imsmd:lom>
      </metadata>
      <file href="assessment_item_001.xml"/>
    </resource>
    <resource identifier="qti_item_2_a18e6c1f-accb-43dc-956d-b0c2e5fc81e2" type="imsqti_item_xmlv2p1" href="assessment_item_004.xml">
      <metadata>
        <schema>IMS QTI Item</schema>
        <schemaversion>2.1</schemaversion>
        <imsmd:lom>
          <imsmd:general>
            <imsmd:identifier>qti_v2_item_2</imsmd:identifier>
            <imsmd:title>
              <imsmd:langstring xml:lang="en">这是示例题目 #2</imsmd:langstring>
            </imsmd:title>
            <imsmd:description>
              <imsmd:langstring xml:lang="en">这是一个示例题目的描述</imsmd:langstring>
            </imsmd:description>
          </imsmd:general>
        </imsmd:lom>
      </metadata>
      <file href="assessment_item_004.xml"/>
    </resource>
    <resource identifier="qti_item_3_b9058162-f350-4137-af15-764f267d3ad6" type="imsqti_item_xmlv2p1" href="assessment_item_005.xml">
      <metadata>
        <schema>IMS QTI Item</schema>
        <schemaversion>2.1</schemaversion>
        <imsmd:lom>
          <imsmd:general>
            <imsmd:identifier>qti_v2_item_3</imsmd:identifier>
            <imsmd:title>
              <imsmd:langstring xml:lang="en">这是示例题目 #3</imsmd:langstring>
            </imsmd:title>
            <imsmd:description>
              <imsmd:langstring xml:lang="en">这是一个示例题目的描述</imsmd:langstring>
            </imsmd:description>
          </imsmd:general>
        </imsmd:lom>
      </metadata>
      <file href="assessment_item_005.xml"/>
    </resource>
    <resource identifier="qti_item_4_e08d2ef6-7a1b-40de-ba22-737742e7d90e" type="imsqti_item_xmlv2p1" href="assessment_item_007.xml">
      <metadata>
        <schema>IMS QTI Item</schema>
        <schemaversion>2.1</schemaversion>
        <imsmd:lom>
          <imsmd:general>
            <imsmd:identifier>qti_v2_item_4</imsmd:identifier>
            <imsmd:title>
              <imsmd:langstring xml:lang="en">这是示例题目 #4</imsmd:langstring>
            </imsmd:title>
            <imsmd:description>
              <imsmd:langstring xml:lang="en">这是一个示例题目的描述</imsmd:langstring>
            </imsmd:description>
          </imsmd:general>
        </imsmd:lom>
      </metadata>
      <file href="assessment_item_007.xml"/>
    </resource>
    <resource identifier="qti_item_5_cac6ddf7-d487-4df5-8b55-a3879445e394" type="imsqti_item_xmlv2p1" href="assessment_item_003.xml">
      <metadata>
        <schema>IMS QTI Item</schema>
        <schemaversion>2.1</schemaversion>
        <imsmd:lom>
          <imsmd:general>
            <imsmd:identifier>qti_v2_item_5</imsmd:identifier>
            <imsmd:title>
              <imsmd:langstring xml:lang="en">这是示例题目 #5</imsmd:langstring>
            </imsmd:title>
            <imsmd:description>
              <imsmd:langstring xml:lang="en">这是一个示例题目的描述</imsmd:langstring>
            </imsmd:description>
          </imsmd:general>
        </imsmd:lom>
      </metadata>
      <file href="assessment_item_003.xml"/>
    </resource>
    <resource identifier="qti_item_6_3c362f2c-abd0-4062-8423-9b46fda8844c" type="imsqti_item_xmlv2p1" href="assessment_item_008.xml">
      <metadata>
        <schema>IMS QTI Item</schema>
        <schemaversion>2.1</schemaversion>
        <imsmd:lom>
          <imsmd:general>
            <imsmd:identifier>qti_v2_item_6</imsmd:identifier>
            <imsmd:title>
              <imsmd:langstring xml:lang="en">这是示例题目 #6</imsmd:langstring>
            </imsmd:title>
            <imsmd:description>
              <imsmd:langstring xml:lang="en">这是一个示例题目的描述</imsmd:langstring>
            </imsmd:description>
          </imsmd:general>
        </imsmd:lom>
      </metadata>
      <file href="assessment_item_008.xml"/>
    </resource>
    <resource identifier="qti_item_7_f6a719cd-f69f-40fc-ae69-935aecb13380" type="imsqti_item_xmlv2p1" href="assessment_item_009.xml">
      <metadata>
        <schema>IMS QTI Item</schema>
        <schemaversion>2.1</schemaversion>
        <imsmd:lom>
          <imsmd:general>
            <imsmd:identifier>qti_v2_item_7</imsmd:identifier>
            <imsmd:title>
              <imsmd:langstring xml:lang="en">这是示例题目 #7</imsmd:langstring>
            </imsmd:title>
            <imsmd:description>
              <imsmd:langstring xml:lang="en">这是一个示例题目的描述</imsmd:langstring>
            </imsmd:description>
          </imsmd:general>
        </imsmd:lom>
      </metadata>
      <file href="assessment_item_009.xml"/>
    </resource>
    <resource identifier="qti_item_8_844b4363-ca70-4b45-abe1-03dfd35f6e93" type="imsqti_item_xmlv2p1" href="assessment_item_010.xml">
      <metadata>
        <schema>IMS QTI Item</schema>
        <schemaversion>2.1</schemaversion>
        <imsmd:lom>
          <imsmd:general>
            <imsmd:identifier>qti_v2_item_8</imsmd:identifier>
            <imsmd:title>
              <imsmd:langstring xml:lang="en">这是示例题目 #8</imsmd:langstring>
            </imsmd:title>
            <imsmd:description>
              <imsmd:langstring xml:lang="en">这是一个示例题目的描述</imsmd:langstring>
            </imsmd:description>
          </imsmd:general>
        </imsmd:lom>
      </metadata>
      <file href="assessment_item_010.xml"/>
    </resource>
    <resource identifier="qti_item_9_1d993409-2968-4355-99ba-1a5d97552eee" type="imsqti_item_xmlv2p1" href="assessment_item_002.xml">
      <metadata>
        <schema>IMS QTI Item</schema>
        <schemaversion>2.1</schemaversion>
        <imsmd:lom>
          <imsmd:general>
            <imsmd:identifier>qti_v2_item_9</imsmd:identifier>
            <imsmd:title>
              <imsmd:langstring xml:lang="en">这是示例题目 #9</imsmd:langstring>
            </imsmd:title>
            <imsmd:description>
              <imsmd:langstring xml:lang="en">这是一个示例题目的描述</imsmd:langstring>
            </imsmd:description>
          </imsmd:general>
        </imsmd:lom>
      </metadata>
      <file href="assessment_item_002.xml"/>
    </resource>
    <resource identifier="qti_item_10_dd5b017b-f97b-42a5-a2d9-45162ff86ac9" type="imsqti_item_xmlv2p1" href="assessment_item_006.xml">
      <metadata>
        <schema>IMS QTI Item</schema>
        <schemaversion>2.1</schemaversion>
        <imsmd:lom>
          <imsmd:general>
            <imsmd:identifier>qti_v2_item_10</imsmd:identifier>
            <imsmd:title>
              <imsmd:langstring xml:lang="en">这是示例题目 #10</imsmd:langstring>
            </imsmd:title>
            <imsmd:description>
              <imsmd:langstring xml:lang="en">这是一个示例题目的描述</imsmd:langstring>
            </imsmd:description>
          </imsmd:general>
        </imsmd:lom>
      </metadata>
      <file href="assessment_item_006.xml"/>
    </resource>
  </resources>
</manifest>