<?xml version="1.0"?>
<assessmentItem identifier="default_id" title="Default Title" adaptive="false" timeDependent="false">
  <itemBody>
    <choiceInteraction responseIdentifier="RESPONSE_5AEAE9E4-560B-23B9-F2CF-792B5CF9BF5E" shuffle="true" maxChoices="1">
      <prompt>小明有幾多指手指</prompt>
      <simpleChoice identifier="OPTION_1">10</simpleChoice>
      <simpleChoice identifier="OPTION_2">11</simpleChoice>
      <simpleChoice identifier="OPTION_3">[object Object]</simpleChoice>
      <simpleChoice identifier="OPTION_4">[object Object]</simpleChoice>
      <simpleChoice identifier="OPTION_5">[object Object]</simpleChoice>
      <simpleChoice identifier="OPTION_6">[object Object]</simpleChoice>
    </choiceInteraction>
    <matchInteraction responseIdentifier="RESPONSE_5BFB32A7-BC5D-D53B-7549-857C4A8B68B4">
      <prompt>請輸入題目</prompt>
    </matchInteraction>
    <uploadInteraction responseIdentifier="RESPONSE_3A5D4E24-6659-0D90-4D07-09EA5A6B1298">
      <prompt>請輸入題目</prompt>
    </uploadInteraction>
    <uploadInteraction responseIdentifier="RESPONSE_237BD38C-BABE-99D8-21F2-AE7242642EAE">
      <prompt>請輸入題目</prompt>
      <audio controls="">
        <source src="https://oka.blob.core.windows.net/media/resource/2024/08/13/time(164234)-school(272)-2024-08-13-164226-66bb1c72-166bb1c72d47ef-14eeebbc.mp3" type="audio/mpeg"/>
      </audio>
    </uploadInteraction>
    <hotspotInteraction responseIdentifier="RESPONSE_E60BD5D6-6173-1F1F-ABD2-D5D7792FF8BB">
      <prompt>2024年8月13日是星期幾？</prompt>
      <img src="https://oka.blob.core.windows.net/media/resource/2024/08/13/time(154246)-school(272)-2024-08-13-153141-dynasonic.png"/>
    </hotspotInteraction>
    <matchInteraction responseIdentifier="RESPONSE_7B94B88A-5337-0C8F-57BB-290D7A9157C8">
      <prompt>請輸入題目</prompt>
    </matchInteraction>
    <uploadInteraction responseIdentifier="RESPONSE_0A0C6F9E-2B87-2E39-9E26-889B717020B3">
      <prompt>hello pls answer</prompt>
      <audio controls="">
        <source src="https://oka.blob.core.windows.net/media/resource/2024/08/13/time(171842)-school(272)-2024-08-13-165034-66bb1e5a-166bb1e5a91e7b-5e1befaa.mp3" type="audio/mpeg"/>
      </audio>
    </uploadInteraction>
    <extendedTextInteraction responseIdentifier="RESPONSE_344F1D9B-61BC-C072-AF07-A57D6FE1D25B">
      <prompt>你好小朋友，請問1和2哪個數字比較大？</prompt>
    </extendedTextInteraction>
    <extendedTextInteraction responseIdentifier="RESPONSE_F81848B7-D3FD-5312-94CB-82614192409F">
      <prompt>HIIIIIIIII</prompt>
      <img src="https://oka.blob.core.windows.net/media/resource/2024/08/13/time(164332)-school(272)-2024-08-13-164328-pika.jpg"/>
    </extendedTextInteraction>
    <textEntryInteraction responseIdentifier="RESPONSE_7E2FE6FB-3CD6-DD15-3F0C-6243EF01397C">
      <prompt>Test Test</prompt>
    </textEntryInteraction>
    <matchInteraction responseIdentifier="RESPONSE_D2BD11D9-8288-0343-6647-A0C25A657DD0">
      <prompt>請輸入題目</prompt>
    </matchInteraction>
    <choiceInteraction responseIdentifier="RESPONSE_36D2A96C-EB77-FDCE-4687-224A37B43164" shuffle="true" maxChoices="1">
      <prompt>10+10等於多少</prompt>
      <simpleChoice identifier="OPTION_1">30</simpleChoice>
      <simpleChoice identifier="OPTION_2">20</simpleChoice>
      <simpleChoice identifier="OPTION_3">10</simpleChoice>
      <simpleChoice identifier="OPTION_4">[object Object]</simpleChoice>
      <simpleChoice identifier="OPTION_5">[object Object]</simpleChoice>
      <simpleChoice identifier="OPTION_6">[object Object]</simpleChoice>
      <simpleChoice identifier="OPTION_7">[object Object]</simpleChoice>
    </choiceInteraction>
  </itemBody>
  <responseDeclaration identifier="RESPONSE_5AEAE9E4-560B-23B9-F2CF-792B5CF9BF5E" cardinality="single" baseType="identifier">
    <correctResponse>
      <value>OPTION_1</value>
    </correctResponse>
  </responseDeclaration>
  <responseDeclaration identifier="RESPONSE_5BFB32A7-BC5D-D53B-7549-857C4A8B68B4" cardinality="single" baseType="identifier">
    <correctResponse>
      <value>N/A</value>
    </correctResponse>
  </responseDeclaration>
  <responseDeclaration identifier="RESPONSE_3A5D4E24-6659-0D90-4D07-09EA5A6B1298" cardinality="single" baseType="identifier">
    <correctResponse>
      <value>N/A</value>
    </correctResponse>
  </responseDeclaration>
  <responseDeclaration identifier="RESPONSE_237BD38C-BABE-99D8-21F2-AE7242642EAE" cardinality="single" baseType="identifier">
    <correctResponse>
      <value>N/A</value>
    </correctResponse>
  </responseDeclaration>
  <responseDeclaration identifier="RESPONSE_E60BD5D6-6173-1F1F-ABD2-D5D7792FF8BB" cardinality="single" baseType="identifier">
    <correctResponse>
      <value>N/A</value>
    </correctResponse>
  </responseDeclaration>
  <responseDeclaration identifier="RESPONSE_7B94B88A-5337-0C8F-57BB-290D7A9157C8" cardinality="single" baseType="identifier">
    <correctResponse>
      <value>N/A</value>
    </correctResponse>
  </responseDeclaration>
  <responseDeclaration identifier="RESPONSE_0A0C6F9E-2B87-2E39-9E26-889B717020B3" cardinality="single" baseType="identifier">
    <correctResponse>
      <value>N/A</value>
    </correctResponse>
  </responseDeclaration>
  <responseDeclaration identifier="RESPONSE_344F1D9B-61BC-C072-AF07-A57D6FE1D25B" cardinality="single" baseType="identifier">
    <correctResponse>
      <value>1比較大,2比較大</value>
    </correctResponse>
  </responseDeclaration>
  <responseDeclaration identifier="RESPONSE_F81848B7-D3FD-5312-94CB-82614192409F" cardinality="single" baseType="identifier">
    <correctResponse>
      <value>1</value>
    </correctResponse>
  </responseDeclaration>
  <responseDeclaration identifier="RESPONSE_7E2FE6FB-3CD6-DD15-3F0C-6243EF01397C" cardinality="single" baseType="identifier">
    <correctResponse>
      <value>N/A</value>
    </correctResponse>
  </responseDeclaration>
  <responseDeclaration identifier="RESPONSE_D2BD11D9-8288-0343-6647-A0C25A657DD0" cardinality="single" baseType="identifier">
    <correctResponse>
      <value>N/A</value>
    </correctResponse>
  </responseDeclaration>
  <responseDeclaration identifier="RESPONSE_36D2A96C-EB77-FDCE-4687-224A37B43164" cardinality="single" baseType="identifier">
    <correctResponse>
      <value>OPTION_2</value>
    </correctResponse>
  </responseDeclaration>
</assessmentItem>