<?xml version="1.0" encoding="UTF-8"?>
<manifest xmlns="http://www.imsglobal.org/xsd/imscp_v1p1" xmlns:imsmd="http://www.imsglobal.org/xsd/imsmd_v1p2" xmlns:imsqti="http://www.imsglobal.org/xsd/imsqti_v2p1" xmlns:xsi="http://www.w3.org/2001/XMLSchema-instance" identifier="MANIFEST-QTI-8a637f61-eeb9-4a55-bdd4-301a49124375" xsi:schemaLocation="http://www.imsglobal.org/xsd/imscp_v1p1 imscp_v1p1.xsd http://www.imsglobal.org/xsd/imsmd_v1p2 imsmd_v1p2p2.xsd http://www.imsglobal.org/xsd/imsqti_v2p1 imsqti_v2p1.xsd">
  <organizations/>
  <resources>
    <resource identifier="qti_item_1_4a1004de-78d1-4ebc-bb69-43093f2c3dd6" type="imsqti_item_xmlv2p1" href="assessment_item_001.xml">
      <metadata>
        <schema>IMS QTI Item</schema>
        <schemaversion>2.1</schemaversion>
        <imsmd:lom>
          <imsmd:general>
            <imsmd:identifier>qti_v2_item_1</imsmd:identifier>
            <imsmd:title>
              <imsmd:langstring xml:lang="en">這是示例題目 #1</imsmd:langstring>
            </imsmd:title>
            <imsmd:description>
              <imsmd:langstring xml:lang="en">這是一個示例題目的説明</imsmd:langstring>
            </imsmd:description>
          </imsmd:general>
        </imsmd:lom>
      </metadata>
      <file href="assessment_item_001.xml"/>
      <dependency identifierref="media_1_a493e490-c098-432e-a0f2-0c66e8b16d7a"/>
      <dependency identifierref="media_2_260ffbda-9831-47f1-8871-3ffc33190a63"/>
    </resource>
    <resource identifier="qti_item_2_80313bb8-b42d-4697-8c53-7b202795e9b7" type="imsqti_item_xmlv2p1" href="assessment_item_004.xml">
      <metadata>
        <schema>IMS QTI Item</schema>
        <schemaversion>2.1</schemaversion>
        <imsmd:lom>
          <imsmd:general>
            <imsmd:identifier>qti_v2_item_2</imsmd:identifier>
            <imsmd:title>
              <imsmd:langstring xml:lang="en">這是示例題目 #2</imsmd:langstring>
            </imsmd:title>
            <imsmd:description>
              <imsmd:langstring xml:lang="en">這是一個示例題目的説明</imsmd:langstring>
            </imsmd:description>
          </imsmd:general>
        </imsmd:lom>
      </metadata>
      <file href="assessment_item_004.xml"/>
      <dependency identifierref="media_1_f8a11796-1738-4f4e-9191-57cd4c7dbba0"/>
      <dependency identifierref="media_2_3906f526-4c38-444e-ab73-2fe7b2bb50a9"/>
    </resource>
    <resource identifier="qti_item_3_76449b08-61d3-463c-a410-9d1aa2a17c2e" type="imsqti_item_xmlv2p1" href="assessment_item_003.xml">
      <metadata>
        <schema>IMS QTI Item</schema>
        <schemaversion>2.1</schemaversion>
        <imsmd:lom>
          <imsmd:general>
            <imsmd:identifier>qti_v2_item_3</imsmd:identifier>
            <imsmd:title>
              <imsmd:langstring xml:lang="en">這是示例題目 #3</imsmd:langstring>
            </imsmd:title>
            <imsmd:description>
              <imsmd:langstring xml:lang="en">這是一個示例題目的説明</imsmd:langstring>
            </imsmd:description>
          </imsmd:general>
        </imsmd:lom>
      </metadata>
      <file href="assessment_item_003.xml"/>
      <dependency identifierref="media_1_bbe81e87-f1a5-4910-97da-e12e27cdd6b8"/>
      <dependency identifierref="media_2_26ef15b1-e57b-4461-8be4-4bb827b04212"/>
    </resource>
    <resource identifier="qti_item_4_dd2364ae-0ceb-4237-9cbf-be1f06584018" type="imsqti_item_xmlv2p1" href="assessment_item_002.xml">
      <metadata>
        <schema>IMS QTI Item</schema>
        <schemaversion>2.1</schemaversion>
        <imsmd:lom>
          <imsmd:general>
            <imsmd:identifier>qti_v2_item_4</imsmd:identifier>
            <imsmd:title>
              <imsmd:langstring xml:lang="en">這是示例題目 #4</imsmd:langstring>
            </imsmd:title>
            <imsmd:description>
              <imsmd:langstring xml:lang="en">這是一個示例題目的説明</imsmd:langstring>
            </imsmd:description>
          </imsmd:general>
        </imsmd:lom>
      </metadata>
      <file href="assessment_item_002.xml"/>
      <dependency identifierref="media_1_b1735c49-2075-4032-8787-ad49f8c02c58"/>
      <dependency identifierref="media_2_11e3de46-7026-407e-98e3-bebd1a89ba28"/>
    </resource>
    <resource identifier="qti_item_5_536502be-f10d-4666-a7cc-b3c6097fdd78" type="imsqti_item_xmlv2p1" href="assessment_item_005.xml">
      <metadata>
        <schema>IMS QTI Item</schema>
        <schemaversion>2.1</schemaversion>
        <imsmd:lom>
          <imsmd:general>
            <imsmd:identifier>qti_v2_item_5</imsmd:identifier>
            <imsmd:title>
              <imsmd:langstring xml:lang="en">這是示例題目 #5</imsmd:langstring>
            </imsmd:title>
            <imsmd:description>
              <imsmd:langstring xml:lang="en">這是一個示例題目的説明</imsmd:langstring>
            </imsmd:description>
          </imsmd:general>
        </imsmd:lom>
      </metadata>
      <file href="assessment_item_005.xml"/>
      <dependency identifierref="media_1_af830438-aab5-4b33-b048-46261e646de9"/>
      <dependency identifierref="media_2_4891e7c6-a3da-4673-a722-0396c689b0de"/>
    </resource>
    <resource identifier="qti_item_6_d7591497-67c8-4d9b-9215-b98db05c04d5" type="imsqti_item_xmlv2p1" href="assessment_item_006.xml">
      <metadata>
        <schema>IMS QTI Item</schema>
        <schemaversion>2.1</schemaversion>
        <imsmd:lom>
          <imsmd:general>
            <imsmd:identifier>qti_v2_item_6</imsmd:identifier>
            <imsmd:title>
              <imsmd:langstring xml:lang="en">這是示例題目 #6</imsmd:langstring>
            </imsmd:title>
            <imsmd:description>
              <imsmd:langstring xml:lang="en">這是一個示例題目的説明</imsmd:langstring>
            </imsmd:description>
          </imsmd:general>
        </imsmd:lom>
      </metadata>
      <file href="assessment_item_006.xml"/>
      <dependency identifierref="media_1_2bc25fa4-155b-43fd-97f0-dd20f3a04f08"/>
      <dependency identifierref="media_2_4b35d185-6afb-4ed9-83d5-89a77c28ce30"/>
    </resource>
    <resource identifier="qti_item_7_99f7a045-3b45-49f5-8b0e-76923b27831f" type="imsqti_item_xmlv2p1" href="assessment_item_008.xml">
      <metadata>
        <schema>IMS QTI Item</schema>
        <schemaversion>2.1</schemaversion>
        <imsmd:lom>
          <imsmd:general>
            <imsmd:identifier>qti_v2_item_7</imsmd:identifier>
            <imsmd:title>
              <imsmd:langstring xml:lang="en">這是示例題目 #7</imsmd:langstring>
            </imsmd:title>
            <imsmd:description>
              <imsmd:langstring xml:lang="en">這是一個示例題目的説明</imsmd:langstring>
            </imsmd:description>
          </imsmd:general>
        </imsmd:lom>
      </metadata>
      <file href="assessment_item_008.xml"/>
      <dependency identifierref="media_1_8096a260-b023-43fa-b7ad-671d915f9c91"/>
      <dependency identifierref="media_2_a20135a8-a314-49cd-b852-79cb1ae338ce"/>
    </resource>
    <resource identifier="qti_item_8_fd2ec404-ca50-4eed-a9b4-d98c2d91c20a" type="imsqti_item_xmlv2p1" href="assessment_item_007.xml">
      <metadata>
        <schema>IMS QTI Item</schema>
        <schemaversion>2.1</schemaversion>
        <imsmd:lom>
          <imsmd:general>
            <imsmd:identifier>qti_v2_item_8</imsmd:identifier>
            <imsmd:title>
              <imsmd:langstring xml:lang="en">這是示例題目 #8</imsmd:langstring>
            </imsmd:title>
            <imsmd:description>
              <imsmd:langstring xml:lang="en">這是一個示例題目的説明</imsmd:langstring>
            </imsmd:description>
          </imsmd:general>
        </imsmd:lom>
      </metadata>
      <file href="assessment_item_007.xml"/>
      <dependency identifierref="media_1_ca30feff-766b-41a9-86c2-24b96e022d47"/>
      <dependency identifierref="media_2_6b831440-d427-4db2-adf6-fb9f49a81696"/>
    </resource>
    <resource identifier="qti_item_9_fdc1e9d3-0a9d-49c3-85da-aa022bd15f3a" type="imsqti_item_xmlv2p1" href="assessment_item_009.xml">
      <metadata>
        <schema>IMS QTI Item</schema>
        <schemaversion>2.1</schemaversion>
        <imsmd:lom>
          <imsmd:general>
            <imsmd:identifier>qti_v2_item_9</imsmd:identifier>
            <imsmd:title>
              <imsmd:langstring xml:lang="en">這是示例題目 #9</imsmd:langstring>
            </imsmd:title>
            <imsmd:description>
              <imsmd:langstring xml:lang="en">這是一個示例題目的説明</imsmd:langstring>
            </imsmd:description>
          </imsmd:general>
        </imsmd:lom>
      </metadata>
      <file href="assessment_item_009.xml"/>
      <dependency identifierref="media_1_a6ebcab1-874a-47f8-82c7-193389d8c3f7"/>
      <dependency identifierref="media_2_1c7df277-d18c-464e-be28-1aa7016b5f08"/>
    </resource>
    <resource identifier="media_1_d3a6aaeb-a13c-4469-845f-02498dd7aa48" type="webcontent" href="bird.jpg">
      <metadata>
        <imsmd:lom>
          <imsmd:general>
            <imsmd:description>
              <imsmd:langstring xml:lang="en">這是一個示例媒體文件: bird.jpg</imsmd:langstring>
            </imsmd:description>
          </imsmd:general>
        </imsmd:lom>
      </metadata>
      <file href="bird.jpg"/>
    </resource>
    <resource identifier="media_2_af6e634a-0485-4bbc-809c-006c629b267d" type="webcontent" href="record.mp3">
      <metadata>
        <imsmd:lom>
          <imsmd:general>
            <imsmd:description>
              <imsmd:langstring xml:lang="en">這是一個示例媒體文件: record.mp3</imsmd:langstring>
            </imsmd:description>
          </imsmd:general>
        </imsmd:lom>
      </metadata>
      <file href="record.mp3"/>
    </resource>
  </resources>
</manifest>